,0,1,2,3,4,5,6
1CMET2-PWY,3.214807547316485,0.2930102211778356,1.9033238613226466,1.328318487523021,0.3532155268915061,1.2543823318910061,0.08591580700353887
3-HYDROXYPHENYLACETATE-DEGRADATION-PWY,0.0,0.12323897037601676,0.0,0.0,0.0,0.0,0.0
4-HYDROXYMANDELATE-DEGRADATION-PWY,0.0,0.0,0.0,0.0,0.0,0.0,0.0
7ALPHADEHYDROX-PWY,4.5850144399261e-06,0.0,0.0,0.0,0.0019055298551827631,0.0,0.002225268983499256
AEROBACTINSYN-PWY,0.0,0.03970848599934459,0.0,0.0,0.0,0.0,0.0
ALL-CHORISMATE-PWY,0.0,0.0041567045923259745,0.0,0.0,0.001136650613223121,0.0,0.0
ALLANTOINDEG-PWY,2.424134532261418e-07,0.032132197020375015,0.0025707077322860293,0.01208967052412469,0.0,0.0,0.01942437052505318
ANAEROFRUCAT-PWY,1.432303260336535,0.705986836782747,1.2911485219405878,0.9297065183262208,0.34984573853868833,5.362114380372707e-06,1.2894908163602532
ANAGLYCOLYSIS-PWY,1.9562225025077606,0.5945049061716117,2.4404833257116447,1.802937341437597,0.7973487836920815,0.3815247627163703,1.0869931258144772
ARG+POLYAMINE-SYN,0.4255371751115226,1.0992314951609894,1.3137990061520155e-11,0.0,0.0,0.014064217236318887,0.18359499520560868
ARGDEG-PWY,0.0,0.370674394076627,0.0,0.0,0.0,0.0,0.0
ARGININE-SYN4-PWY,0.06063578101925948,0.4247303614927357,2.9271007093237333,0.04181388214425114,0.0,0.1423750304382616,0.0
ARGORNPROST-PWY,0.05511759946560528,0.039491613238641705,0.0,0.003318391188492148,0.296443912106488,0.0,0.17725475515735364
ARGSYN-PWY,3.502107641837234,0.4747503384735685,0.0,1.8755149749799507,5.684066259472949e-10,6.308561083410285e-11,1.5578318140967722
ARGSYNBSUB-PWY,3.3235006690398716,0.47021481768565604,0.0,1.8967027149414506,5.082163120985105e-10,0.0,1.8650599657274332
ARO-PWY,3.488188775320465,0.39957778655002424,1.016266364546462,1.3324743195321291,0.5349432830644371,0.6150779446917749,1.6355669988151678
ASPASN-PWY,0.785689289437703,0.9449389872291571,1.412732277123676,0.3618730731082778,0.18127140673265535,2.9311645774185306,0.4752454725669724
AST-PWY,0.0,0.3593287129140618,0.0,0.0,0.0,0.0,0.0
BIOTIN-BIOSYNTHESIS-PWY,0.0007315359845318677,1.022616646427813,1.1951733282365433,0.12154336010154566,0.0,3.6893045809131197e-16,0.21453760832415003
BRANCHED-CHAIN-AA-SYN-PWY,3.08885048625997,0.7001101525256123,0.4701906835559401,2.6244281166552246,9.746047393283014e-08,3.510134379836271,0.9065245732594194
CALVIN-PWY,3.0177051031441344,0.9806795025798127,0.4388530022174196,0.4695430464147546,0.5154910295495382,0.9472878740410048,2.2529150809507317
CATECHOL-ORTHO-CLEAVAGE-PWY,0.0,0.0733400823125073,0.0,0.0,0.0018378415454526169,0.0,0.0
CENTFERM-PWY,0.16550770999346257,0.0,6.530435271594858e-12,0.0,0.0,0.0,0.4197110990815141
CHLOROPHYLL-SYN,0.0,0.0,0.0,0.0,0.0004051103444715225,0.0,0.0
CITRULBIO-PWY,0.2708699313099887,0.51345602766723,2.0963674807985444,0.06868504959626792,0.16556467333983774,0.0,1.4186269238858538e-10
COA-PWY,3.5520632552134495,0.04891137243359952,1.3706983689289352,0.9803863096709051,0.8182208801713793,1.1422121727821701,0.03180582549243114
COA-PWY-1,4.141936529246004,6.035144054703893e-05,1.463778613825707,2.109525837512435,0.8058332527772296,1.2341575511315526,6.965138670457409e-06
COBALSYN-PWY,0.5697583674139133,0.4845414482954103,0.8032729343736111,0.0,0.0,0.0,1.961096287112149
CODH-PWY,0.0,6.970236369629153e-05,0.0,4.942628632342266e-06,0.11773782040476417,0.0,0.0
COLANSYN-PWY,0.3433871280930027,0.5501200756157869,0.7192632176752772,1.1077221223726468e-11,0.0,0.0,0.6778341588017417
COMPLETE-ARO-PWY,3.228451387992631,0.4327749599791027,1.0565317974715567,1.3769846930646752,0.5512820278568289,0.85168552370196,1.480852949068409
CRNFORCAT-PWY,7.522140236144056e-06,0.007235066884758996,0.0,0.0,0.0,0.0,0.008914705549369214
DAPLYSINESYN-PWY,0.10462149467777326,0.9668297914857895,0.0,1.9366563582290037,0.03407084331754924,0.046905490908708485,0.4794441270352872
DENITRIFICATION-PWY,0.0,0.005870998909494234,0.0,0.0,0.022962869120604842,0.0,0.0
DENOVOPURINE2-PWY,1.6432452041017218,0.45110399478511776,1.9211481022118464,0.5793121106851198,1.0347760864857485,0.3633895421655218,6.749281467394774e-07
DHGLUCONATE-PYR-CAT-PWY,0.0,0.0031107357258048198,0.0,0.0,0.0,0.0,0.0
DTDPRHAMSYN-PWY,3.6379765003638047,0.0,2.3090734680030325,1.701635442334375,0.0,6.215205757883086,0.46236331562669153
ECASYN-PWY,0.0,0.22047104266982803,0.0,0.0,0.0,0.0,0.0
ENTBACSYN-PWY,0.0,0.791286237275721,0.0,0.0,0.0,0.0,0.0
FAO-PWY,0.006716232477911065,1.1716828984953855,0.07544894629174026,0.002608638900773061,0.0,0.0026433194582562926,0.18725748549275106
FASYN-ELONG-PWY,0.030947205252562206,1.4401506335123915,1.0967339897175576,0.6482111678272306,0.11409073962513337,5.035876297374092e-11,0.005290577334334419
FASYN-INITIAL-PWY,7.142547582129557e-05,1.2604470275259536,0.8223013655639001,0.5507555734522878,0.12604221561091636,0.0,0.05389397386213136
FERMENTATION-PWY,0.012178828591591487,1.0956733828896723,0.0,0.6697845052912444,0.01793024466602347,0.0035871480916837605,0.6008851553396513
FOLSYN-PWY,2.242126463104377e-15,0.3956359764522343,0.0026706773376132067,0.047707430872455575,0.48419008703012023,1.713835201686679e-10,0.42590253063598776
FUC-RHAMCAT-PWY,0.02262053258577791,0.6556518564382534,0.38418457464231054,0.0,0.0,0.0,0.2674874764698227
FUCCAT-PWY,0.056097439058010255,0.588071754512265,0.15283654657626128,0.0,0.0,0.0,0.2986160408306317
GALACT-GLUCUROCAT-PWY,0.4042474935425614,0.39485900782745226,0.399410705649515,0.0,0.0,0.0,0.22516047760372948
GALACTARDEG-PWY,7.219748309539523e-05,0.851258797236286,0.048685728378405034,0.0,0.0,0.0,0.019767668526325673
GALACTUROCAT-PWY,0.39670510834887673,0.43617950306639297,0.294091239454114,7.992954830775761e-11,0.0,0.0,0.21749083991712048
GALLATE-DEGRADATION-I-PWY,0.0,0.0,0.0,0.0,0.0022786578058152677,0.0,0.0
GALLATE-DEGRADATION-II-PWY,0.0,0.0,0.0,0.0,0.0034680311070957094,0.0,0.0
GLCMANNANAUT-PWY,0.349972843345376,0.646785139221958,0.31565175496530967,0.09634611220972768,0.19006595060365783,0.0,0.8143781525835124
GLUCARDEG-PWY,3.1814714544387416e-09,0.5593541415094623,0.015421976329983504,0.0,0.0,1.043856475037923e-12,0.01931308310422894
GLUCARGALACTSUPER-PWY,7.192864642958906e-05,0.8512588306339705,0.04868588725565015,0.0,0.0,0.0,0.01976809332259668
GLUCONEO-PWY,0.9953961541158651,0.8927165325265244,0.6612443342465766,0.26671897920243615,5.927096700339361e-07,0.2792819693292867,1.1908743844794392
GLUCOSE1PMETAB-PWY,1.5230068189534307e-06,0.7277451356599398,0.0044952751517750205,1.1461374162870492,0.0,0.0,0.0
GLUCUROCAT-PWY,0.47315843537553687,0.31656724611108317,0.5231218719203583,0.0,0.0,1.4043177000165238e-15,0.24973899465500313
GLUDEG-I-PWY,0.12012164681548408,0.21284392698909413,0.08220523655476021,0.0,0.0,0.0,5.835701485807673e-07
GLUDEG-II-PWY,0.0,0.0,0.0,0.0,0.002271113229669508,0.0,0.0
GLUTORN-PWY,2.5964573883875484,0.5067489525986527,0.0,1.6229929716899674,0.0,0.28347051867077455,1.8809197060561982
GLYCOCAT-PWY,0.00016038810337490079,0.8638505627251262,0.01649212394690987,1.8184233140795718,0.0,0.0,8.122494857220277e-14
GLYCOGENSYNTH-PWY,1.4042939815905242,0.6053465400362673,0.3428581886680102,1.5752525635151653,0.0,0.0,3.167392557137251
GLYCOL-GLYOXDEG-PWY,0.00010945808677901829,0.13289676235361797,0.0,0.0,0.0,0.0,0.0
GLYCOLYSIS,1.0679090238870388,0.9203455071286792,1.1832193092236467,1.1926085869519019,0.5858510202360563,0.32524079611582424,0.6323027734122736
GLYCOLYSIS-E-D,0.25985100150115087,0.8952788315185729,0.7169499626970693,0.1524143897995727,0.0,7.057037236464552e-16,0.4148698844919321
GLYCOLYSIS-TCA-GLYOX-BYPASS,0.0,1.2415745018509161,0.0,3.4695291303451384e-13,0.0,0.0,0.0
GLYOXYLATE-BYPASS,0.0022652763152334232,0.7024864223164515,1.596281830669088e-05,0.0,0.03276002552188982,0.002333554381277264,0.0
GOLPDLCAT-PWY,1.028519428456657e-07,0.24884319499334245,0.009594804494192569,0.0,0.008856566080480471,0.0005123163618341234,0.4256290246070795
HCAMHPDEG-PWY,0.0,0.262993333204513,0.0,0.0,0.0,0.0,0.0
HEME-BIOSYNTHESIS-II,0.000453257663354981,0.5386360308318402,0.04964811892791159,0.007752756171056537,0.341686004617471,0.0040677894543612566,3.0066902469917725e-05
HEMESYN2-PWY,0.022423591276103202,0.512348430831933,0.05285633555820068,2.34640487934097e-06,0.07252299741813441,0.01498959103615124,0.10741347587247004
HEXITOLDEGSUPER-PWY,0.13178071899056726,1.1006685320841558,0.22823969421651302,0.14968444783546728,0.18496196580855476,0.0,1.158687166090279
HISDEG-PWY,0.33359806031086386,0.16018484566242405,2.4045143352420624,0.0,0.16784118857294278,0.287141042417939,0.0
HISTSYN-PWY,2.7315619193626532,1.7548184414253757e-09,1.3220332559755723,1.838231618806342,0.0,2.5497419381573803,0.03385117826374665
HOMOSER-METSYN-PWY,6.846435770440693e-05,0.9305080908138127,0.07167874496036337,0.3485206843204332,0.33888403013660856,0.01885912187032023,0.7420323032430585
HSERMETANA-PWY,1.9734737259020714,0.003574870359315409,0.00010061342012741899,1.5595339927124934,0.14101505708060966,0.5519149936585149,1.3157595290457704
ILEUDEG-PWY,0.0,0.0,0.0,0.0,0.0151235934478034,0.0,0.0
ILEUSYN-PWY,4.072196983049915,0.8511371085534146,1.0098908183789927,2.818703116520446,0.0,3.5078686824735694,0.7823329877612855
KDO-NAGLIPASYN-PWY,0.0,0.1401722469177498,0.0,0.0,0.0,0.0,0.0
KETOGLUCONMET-PWY,0.0,0.46601027986181986,0.0,0.017071504831941912,0.008119357154193233,0.0,0.0
LACTOSECAT-PWY,0.0037966722419785046,0.00010539136627367459,0.0,0.26236506895114203,1.3487500376298407,0.0033857877698674856,0.6674252951182589
LEU-DEG2-PWY,0.0,0.0,0.0,0.0,0.0188312950749773,0.0,0.0
LIPASYN-PWY,0.0,0.0037215670605423136,0.0,0.0,0.0020297531837570135,0.0,0.0
LPSSYN-PWY,0.0,0.11955587582731245,0.0,0.0,0.0,0.0,0.0
LYSINE-AMINOAD-PWY,0.0,0.0,0.0,0.0,0.0005958267027354428,0.0,0.0
LYSINE-DEG1-PWY,0.0,0.0,0.0,1.9812560997386098e-05,0.0005851616389590122,0.0,0.0
MET-SAM-PWY,0.023716063041827565,1.1899247285773458,0.15482005940209548,0.5956840926318849,0.35339478615445546,0.0492433016882368,1.4607080157267651
METH-ACETATE-PWY,0.019096461692618787,0.0,0.008843297267243838,0.0,0.0,0.0,1.4297323229770822
METHANOGENESIS-PWY,0.0,0.0,0.0,0.0,0.0,0.0,0.07055785303336203
METHGLYUT-PWY,0.0,0.35688850762446467,0.09792867632314678,0.0015246031827157638,0.021831044715363273,0.0,0.02721223556993844
METHYLGALLATE-DEGRADATION-PWY,0.0,0.0,0.0,0.0,0.001793367914900572,0.0,0.0
METSYN-PWY,0.008301454063097995,1.207106312456818,0.15856218643388334,0.6139628647471659,0.403690533334441,0.04438448843937799,1.2980355109169759
NAD-BIOSYNTHESIS-II,2.1404388607618114e-05,0.33869156306767834,0.48176159544511993,0.020098581261739308,0.11971092682376762,3.3468020582218233e-12,0.06206335943934444
NADSYN-PWY,0.0,0.0,0.0,0.0,0.008644093759467094,0.0,0.0
NAGLIPASYN-PWY,0.027935677024845205,0.7319791591131455,1.217846811518511,0.0,0.0,0.0771647322943865,0.0
NONMEVIPP-PWY,0.0,0.0,0.0,3.2025287277492933,0.0,2.0382078859990707e-15,0.32733102057196617
NONOXIPENT-PWY,1.3823055857377078,1.4667717604930426,0.4420319810495759,0.27383279522781656,1.7403723957988249,0.09208643272941441,2.410693464557509
OANTIGEN-PWY,1.896728173310077,0.18774019908904024,0.0,1.5673910764229688,0.603871784154061,0.4228332068616637,0.6754739889727832
ORNARGDEG-PWY,0.0,0.370674394076627,0.0,0.0,0.0,0.0,0.0
ORNDEG-PWY,0.0,0.7165667104868515,0.0,0.0,0.0,0.0,0.0
P101-PWY,0.0,0.0015450644605381678,0.0,0.0,0.0006813908738625819,4.0400468858465e-12,0.0
P105-PWY,0.0,0.813548469223308,0.0,0.0,0.0,0.0,0.0
P108-PWY,0.20519372829117272,0.13192482589621482,0.2504599541209574,0.0,1.4159655507112482e-12,0.0,7.997613169578668e-09
P122-PWY,0.0,0.2881849101031783,0.0,0.007464834657750831,0.09875648868005582,0.0,0.008261854556837315
P124-PWY,0.0,0.0,0.0,1.3074728206805346,1.0820940307186476e-05,0.0,0.08384155839873032
P125-PWY,0.0,6.163740873543489e-06,0.0,0.019178935631435374,0.3776017218979937,0.0,0.011819946776726079
P161-PWY,2.201756076602741e-10,0.7779695443529077,0.005274239849921038,0.01891386160594744,0.39204871007921815,0.0,0.07401697865187327
P162-PWY,0.0189453357896372,0.005589882922297426,0.06669180752664183,0.0,0.00375811313819785,0.0,0.016471183837517948
P163-PWY,9.760246415549754e-05,0.0,0.012429632280775538,0.0,0.03563549732052015,0.0,0.0023297403125969113
P164-PWY,0.02483406129644444,0.14904430857865336,0.15408540764547252,0.0,0.32245925513515755,0.0,0.9993292196831429
P165-PWY,0.0,0.001872324136392517,0.0,0.0,0.0018587053849418113,0.0,0.0
P185-PWY,9.005948686827933e-07,0.23857549016561577,0.00908046017676347,0.01683202416185809,0.09532219217388606,0.0012049379627368402,0.3242730047644134
P221-PWY,0.0,0.12770342082419492,0.0,0.00011346625067444605,0.0516607491337874,0.0,0.0
P23-PWY,0.015779694733066785,0.0693612090283402,0.0,1.4550982803814661e-15,0.04707258094726462,0.007716804297859585,3.5075112624721976e-14
P241-PWY,0.0004004074559672752,3.3366503844244376e-12,0.0,0.0,0.0006673192357240336,0.0,0.0002396642877300335
P261-PWY,0.0,0.0,0.0,0.0,0.0006559299622767379,0.0,0.0016408156903717425
P4-PWY,7.190624785578226e-09,0.9374993481625309,1.3445457214875788e-05,1.186188860824314,0.0030437348121889756,0.0,0.45227671392494795
P42-PWY,0.26127752267090215,0.1330255621861545,1.27673067155814e-10,0.0,0.275822339649515,0.0,2.3363231408579386e-15
P441-PWY,0.0773603356960804,1.0040642880563542,0.07059099441619243,0.12039569820802469,0.09966586829210534,3.5190224567825924e-09,0.8476925577247651
P461-PWY,2.4139133320968882e-05,1.1059967686731123,0.019713306009150156,0.020664899228929876,0.2534434072063181,0.00017456487967708743,0.6232601139079946
P562-PWY,0.0,0.012820908908177945,0.0,0.002220713811557392,0.10135555918593779,0.0,0.0015335399646447922
P621-PWY,0.0,0.00017169835478616894,0.0,0.010625789921759629,0.046851605527923904,0.0,0.08235865816538539
PANTO-PWY,2.309896354740897,0.4269066503473534,1.9010824348371704,2.8150451483310474e-12,0.3749703662383164,1.5698135188160356,0.5408021860237219
PANTOSYN-PWY,2.4975204761630514,0.28106502079568735,1.8046675562029868,6.12135728500328e-05,0.3977411343637122,1.390569926421806,0.8493821234880348
PENTOSE-P-PWY,0.018389811430843214,0.8974861602392517,1.6363039763758547,0.7534567924237492,0.49687369238089674,0.0,0.5296407945664231
PEPTIDOGLYCANSYN-PWY,4.48308201656722,0.07356631734991567,0.6735663402301767,1.8751365816926187,0.5927838104825877,3.326976030144995,2.649969313353789e-06
PHOSLIPSYN-PWY,0.8400607574036812,1.0123549779606333,0.9534780074200653,0.017818113480782476,0.0,1.4107789502577996,0.38867894931491986
PHOTOALL-PWY,0.0005159813447099862,0.0,0.00022200813017812874,0.0,0.0,4.6966492610483686e-05,9.18957511709412e-05
POLYAMINSYN3-PWY,0.12985098962896885,0.038725112717489484,0.0,0.0,0.0,0.04905712988475285,0.06055953314608353
POLYAMSYN-PWY,0.25905091083377463,0.8961127275295955,0.0,0.0,0.0,0.031073940561034526,0.07762395058079637
POLYISOPRENSYN-PWY,0.0013316424466084658,0.5219684257605477,0.9542165391632276,0.008198158000664016,0.10235268128845088,0.0,0.1632702089551348
PPGPPMET-PWY,0.012148431358029803,0.29328681302821563,0.020155263442901666,5.919799941631021e-15,0.1835327265106504,0.012041757465219403,0.535075746451007
PROPFERM-PWY,0.0034180022120132536,0.0,0.0023240879506135088,0.0,0.0,0.0,0.022146311335314927
PROTOCATECHUATE-ORTHO-CLEAVAGE-PWY,0.00040538971122116034,0.11120387235209929,0.0,0.0,0.0006820427417821752,0.0,0.0
PRPP-PWY,0.28315543784152797,0.8664086690381494,0.400858195664038,0.14765100702998454,0.0,0.0,1.3040267501852107
PWY-101,0.0002629057786558161,0.000296943826131104,0.0015418999092231412,0.0,0.002252545750131413,0.00024986919464772725,0.001532522327701393
PWY-1042,4.1811994232570475,0.7458065604293286,1.35257419400228,0.7520950195908336,0.3871841068700732,3.4304832782753114,2.1554446520923904
PWY-1269,0.24790602067615242,0.6808341888009484,0.6199130942717127,0.0,0.0,2.7208943093581066,0.0
PWY-1361,0.0,0.001308210189286897,0.0,0.0,0.0,5.2977799224944585e-05,0.0
PWY-1501,0.0,0.0013271823090403485,0.0,0.0,0.0,0.0,0.0
PWY-1541,0.0,0.02325541344242737,0.0,0.0,0.0,0.0,0.0
PWY-1622,0.0,0.007047810540236863,0.0,6.298067475348354e-13,0.006915283778864157,0.0,0.0
PWY-181,0.0,0.0005453653966099442,0.0,8.968236522669722e-06,0.030616135786800627,0.0,0.0
PWY-1861,2.100025139329628e-07,0.315156659533338,0.010817307304455952,0.18067239716974312,0.5044881446971275,0.0,1.0912153517852443
PWY-2201,0.0,0.0,0.0,0.0,0.00025170557072345636,0.0,8.987106121248727e-06
PWY-2221,1.1976480744550553e-05,0.0029167416470030345,0.00011572394579156113,0.0,3.247943456627806e-05,0.0,0.0
PWY-241,0.0013705176285503844,0.4928612132672096,0.006493404414678691,0.7775663660382789,0.08079477884628518,0.02296130317928947,0.5485649982815016
PWY-2723,8.719780475930044e-09,0.5124284308813285,0.002717689093495579,1.0985873799491883,0.0,0.0,0.0
PWY-2941,0.08633388342402204,0.05289067249202639,1.3555766842557724,0.4423338520985357,1.3049862137318802,0.12856271555872048,0.7721182938265138
PWY-2942,2.9849134011257203,0.3085896337799914,1.160333210827366,2.314061622758297,0.4801925686994539,2.836888871381227,3.003311594820401e-06
PWY-3001,2.0971706973567095,0.7446328994130559,1.6649252767447762,2.2946936074518263,0.46049761875216083,0.9645629738775495,0.5633717517392869
PWY-3502,0.0,0.0,0.0,0.0,0.002556897676034963,0.0,0.0
PWY-3661,0.0,3.606951085554502e-06,0.0,0.0,1.374131698309222e-05,0.0,2.2366913648947244e-06
PWY-3781,1.0498040921396201e-10,0.0032438939563095284,0.0020804283837335107,1.5489566149378704e-09,0.7215484868392987,0.009044397467926433,0.01704086992321172
PWY-3801,0.0,0.11700107977667076,0.0,0.0,0.028494152496934877,0.0,0.0
PWY-3841,3.896058791395281,0.0008901032057331065,1.6476837418923636,1.4178525282779921,0.7843220508935099,1.5048704663538428,1.7090971415349963e-09
PWY-4041,0.06771330405943435,0.8499803263481213,0.2253525481698003,1.6264549367501795,0.26257778403247434,0.0,0.22653855310200716
PWY-4061,0.0,0.0,0.0,0.0,5.731920941768522e-05,0.0,0.0
PWY-4202,0.0,0.0,0.0,0.0,0.0001561280367342307,0.0,0.0
PWY-4242,3.1876718530848227,0.10043722605346041,1.645202214835689,0.8162438396963055,0.673076362833853,0.6423323888630172,0.9010639939349107
PWY-4321,0.0,0.02891630705017724,5.782401746838407e-06,0.0,0.004641784379770014,7.381310460677103e-06,0.0
PWY-4361,0.0,0.010157023530595062,0.0,0.0,0.0,0.0,0.0
PWY-4702,0.0,0.45256905754085175,0.0,0.001803576020662802,0.0,0.0009054360431199225,0.0
PWY-4722,0.0,0.0008218750288108496,0.00010172606696926203,0.0,0.002374953494879797,0.0,0.007288470084600193
PWY-4981,0.6223843164591594,0.3657846113112898,0.7268359716122379,0.3807890966438179,1.069232072365917,0.0,0.2345903835595053
PWY-4984,0.24050543552352552,0.0,1.779528928522368,0.0,0.0,0.0,0.04746851286860874
PWY-5004,0.01816713170418695,0.004786289731933981,0.0,0.0,0.0,0.0,0.00013805491539128242
PWY-5005,0.15985965385053866,0.010976780298146508,0.11220898700777217,0.029388237488704522,0.28628203589525003,0.05113936320093374,0.002637286761350619
PWY-5022,0.08998743835586223,0.24127595706214178,0.08790008304650095,0.0,0.05582500731259065,0.0,0.04196388148841943
PWY-5028,0.0,0.03538149002160588,0.0,0.0,0.0341289537244836,0.0,0.0
PWY-5030,0.10278614414258029,0.0,2.385366009274484,0.0,0.0,0.0,3.486789924252641e-08
PWY-5044,0.0,0.0,0.0,0.0,0.001297452547771596,0.0,0.0
PWY-5055,2.054735826404056e-11,7.031617097763427e-05,0.0,0.0,0.000298169364679673,0.0,0.0002181656024200785
PWY-5067,0.0,0.0,0.0,0.0,8.652564387319055e-05,0.0,0.0
PWY-5079,0.0,0.0,0.0,0.0,0.0002854132721218137,0.0,0.0
PWY-5080,0.0,0.0,0.0,0.0,0.0033696753438259707,0.0,0.0
PWY-5081,0.0,0.0,0.0,0.0,2.7302604839062126e-05,0.0,0.0
PWY-5083,0.0,0.9260015990529441,0.3211551655280915,0.00046618562585708955,1.9917818327238288e-14,0.0075890230101217804,0.00241375103668138
PWY-5088,0.001670993735472008,0.046758694622176224,0.0,0.0,0.003269028169341007,0.0,0.0
PWY-5097,3.418989253231853,0.28960840027093926,0.890763480569781,2.251891800954891,0.0042008259104301575,2.806536699873743,0.2165232462404647
PWY-5100,1.0580991465660012,0.3605592015075976,0.0,1.6126560704295625,0.7697650715937434,1.5674104548321803e-13,2.17627147616154
PWY-5101,0.031618955223532634,0.0,0.0,0.0,0.11004680590004137,0.0,0.07498394960468577
PWY-5103,2.988931684666093,0.6843823295716556,0.14659263157169675,2.5830295542189385,1.205315155139124e-05,3.562178153019732,0.8672419211719878
PWY-5104,0.530769963615181,0.651466715747678,0.0,0.0453538958164706,0.38775904059077115,0.13816980948068686,1.5486657388945182
PWY-5109,0.0,0.0,0.0,0.0,0.000923907837079733,0.0,0.0
PWY-5121,6.587755464314783e-10,0.0017012748107309496,0.043979063910211634,1.0167890416246728,0.0,0.0,0.23728641033768716
PWY-5129,0.0,0.0,0.0,0.0,3.875367789357297e-05,0.0,0.0
PWY-5136,0.0021594962275252095,0.998351898111627,0.08229835523411386,0.0019024319584423801,0.0,0.003135971998626759,0.17277234300664865
PWY-5138,0.0,0.4981916440356829,0.07802566067699088,0.0,0.12202186457219225,0.0,0.016199238405926606
PWY-5154,1.2722393046845009,0.8022682639226325,1.155239822807801,0.1337325141182591,1.4931282698723798e-10,1.3753439806977825,0.0
PWY-5156,0.0,5.335207123836122e-10,0.0,0.010135758832653524,0.014378267966400538,0.0,0.0
PWY-5173,0.0,0.6500826404222199,0.0,0.03999084607935597,0.4542066521017857,0.0,0.0
PWY-5177,0.6513653064527425,0.44118134965655365,7.305602788459296e-11,0.0,0.0,1.9944633892435092e-14,0.5509147666650815
PWY-5178,0.0,0.011463602760372029,0.0,0.0,3.1151351737395514e-15,0.0,0.0
PWY-5180,0.0,0.14884364404031283,0.0,0.0,0.005086156087718054,0.0,0.0
PWY-5181,0.0,0.09022469916972334,0.0,0.0,0.0,0.0,0.0
PWY-5182,0.0,0.14886272706014866,0.0,0.0,0.005102041540862151,0.0,0.0
PWY-5183,0.0,0.0005343756294291207,0.0,0.0,0.0011260802112235976,0.0,0.0
PWY-5188,0.7549279999326028,0.606524952442323,0.0,3.8270904114449933e-14,0.3479668335306603,0.00011217600710984324,1.2778116081033961
PWY-5189,0.009435160771652542,0.4690956600538252,0.0,0.0028051210222882757,0.2637382988990928,0.0012381248134729285,0.04250913105837167
PWY-5198,0.0,0.0,0.0,0.0,0.0,0.0,0.046610774055289204
PWY-5265,0.0,0.0014649623326933989,0.0,0.076481869822862,1.162975403194872,0.0,0.010627459095235249
PWY-5304,0.11685448270041668,0.0,0.0,0.0,0.0,0.004323677992319667,0.3892334297075869
PWY-5306,0.0,0.0,0.0,0.0,0.00012424032572474981,0.0,7.795308874677815e-05
PWY-5345,0.17771417295405753,0.9268222759024727,0.0,0.1352868327437189,0.24434030733950587,0.13514954682060792,0.13095602191138966
PWY-5347,0.01315942769939029,1.2474758681675433,0.20110858162854459,0.6381692151169222,0.38289069666581926,0.06090471876640847,1.3376392194437254
PWY-5367,0.0,0.24933827977052436,0.0,4.309139881757912e-09,0.4231990033835255,7.730670372949764e-09,0.12236643466199505
PWY-5381,0.0,0.0,0.0,0.0,7.242148063270043e-05,0.0,0.0
PWY-5384,0.015758730238598914,0.5525971820942549,0.01125863931497475,1.5570670328968172,0.1407811750191793,0.0,0.026070930254059554
PWY-5392,0.002633113365348019,0.026478375117453407,5.357027175776273e-16,0.0,0.000542517451190546,0.0,0.00027486792458085603
PWY-5415,0.0,0.019780085414565027,0.0,0.0001193044633476308,0.03680499974506158,0.0,0.0
PWY-5417,0.0,0.0848783846575551,0.0,0.0,0.0,0.0,0.0
PWY-5419,0.0,9.336120586678802e-05,0.0,0.00011934432790428321,0.00021901853976253946,0.0,0.0
PWY-5420,0.0,0.0001789670364049711,0.0,0.00018369475842248812,0.000260586521578902,0.0,0.0
PWY-5430,0.0,2.4225243539958683e-05,0.0,0.0,5.8053731916923094e-05,0.0,0.0
PWY-5431,0.0,0.0848783846575551,0.0,0.0,0.0,0.0,0.0
PWY-5464,0.015528067124836984,0.17966244430055298,7.067986385397448e-16,0.006039174718955265,0.057283769535099956,0.012611601884382631,0.08224150781032628
PWY-5484,0.8755968100729121,0.8343442759692022,1.3824030133520058,1.012321418744269,0.49929444951536106,0.20910370388572785,0.5394969904692702
PWY-5499,0.0,0.0,0.0,0.0,5.26620739186938e-05,0.0,0.0
PWY-5505,0.38810577632309884,0.0,0.15633275781581005,0.0,0.0,0.1495551343000774,0.32951330418176783
PWY-5507,0.0,0.0,0.0,0.0,0.0002027240674394053,0.0,0.0
PWY-5508,0.0,0.0002607207726877039,0.0,0.0,0.0007910869395504385,0.0,0.0
PWY-5509,0.0,0.02327808024790486,0.0,0.0,0.0029777531544797156,0.0,0.0
PWY-5514,6.947933733684271e-05,0.00047411253054776035,0.0,0.00014561422285932043,0.0033346634484737064,0.0,3.6183834281876376e-12
PWY-5531,0.0,2.2627279126846462e-05,7.621119114415862e-07,6.720237994563272e-07,0.0008972107786139497,0.0,0.0
PWY-5532,0.00015423730593608237,0.0,0.0,0.0,0.0,0.0,0.0
PWY-5534,0.0,0.0052515319564490496,0.0,0.0,0.0,0.0,0.0
PWY-561,0.0,0.7385444404604808,0.0,0.0,0.0,0.0,0.0
PWY-5647,0.0,0.00015858990725213252,0.0,0.0,2.6598151609847794e-06,0.0,0.0
PWY-5651,0.0,0.0,0.0,0.0,0.006145973233388859,0.0,0.0
PWY-5654,0.0,0.005153361715699184,0.0,0.0,0.0,0.0,0.0
PWY-5655,0.0,0.0,0.0,0.0,2.4824263412668493e-05,0.0,0.0
PWY-5656,3.249074098913585e-14,0.24615771208690324,0.00020840907159734126,0.00023100289284791394,0.0,0.0002648087153139418,0.0
PWY-5659,0.31679091995140973,0.49785852608884296,1.4062655416066843,0.003123605413040722,0.4944132645610538,0.0,0.8148442636077425
PWY-5667,2.6953506108226692,0.6812714841399389,2.0811739959671405,9.700580637294877e-07,2.3481872108159265e-09,0.7936654521861635,1.8502649973331655
PWY-5675,0.0005058932524363031,0.7134016641881025,0.0,0.0027240397806167823,0.0,0.0004599124804059397,0.0
PWY-5676,0.007043370575876914,0.29265831364755857,0.11374114613360246,0.0,0.0,1.6180587134355424e-11,0.9192227386179497
PWY-5677,0.0,0.005155920328637889,0.01442134232363178,0.0,0.0,0.0,0.020442659677959562
PWY-5686,4.798277239343347,1.1730592328934248e-11,0.7626917913800093,2.064962380281317,0.3304663017635209,3.4487463117014903,0.00013657948324003009
PWY-5690,0.38354874674665007,0.6209764356340947,2.01856906112699e-06,0.0,0.05597947387720267,0.0,0.11567004498205079
PWY-5692,0.0,0.03711560174214623,0.0,0.0,0.0,0.0,0.0
PWY-5695,2.90125549455457,0.6698989331146847,2.0447720339163955,0.46248066285796885,0.8589007665316732,3.181420946289207,0.00042143319202506016
PWY-5705,0.0,0.11195967156880775,0.0,0.0,0.0,0.0,0.0
PWY-5723,0.0036074969760629075,1.1175221376044848,0.0011376794106461934,0.00011659016135068934,0.0,0.00437504812626756,0.0
PWY-5724,0.0,5.9501488123722694e-05,0.0,0.0,0.00040955853651207297,0.0,0.0
PWY-5741,0.0,0.0,0.0,0.0,0.00010711789335739575,0.0,0.0
PWY-5747,0.0,0.27905105916518347,0.0,0.0,0.0,0.0,0.0
PWY-5751,0.0,0.0001918862376505263,0.0,9.168611356736191e-05,0.0,0.0,9.066697006339654e-05
PWY-5754,0.0,0.002826828339970512,0.0,0.0005441412617397546,0.0,0.0,0.0
PWY-5757,1.1684126964333375e-05,0.0,0.0,0.0,0.0,0.0,1.583074670272084e-07
PWY-5791,0.0,0.5221268456371375,0.05412516338385991,0.0020800304205120315,0.21872054802518617,0.0,0.0
PWY-5837,0.0,0.5221268456371375,0.05412516338385991,0.0020800304205120315,0.21872054802518617,0.0,0.0
PWY-5838,2.2104322466387475e-12,0.8947130394507643,0.21574632803815297,0.023031164000168552,0.0,0.0,0.019064761655933495
PWY-5840,1.2832026782252985e-05,0.6970042181344591,0.10811862343704977,0.014836545267578584,0.17008754733105788,0.0,0.020375018956645997
PWY-5845,0.0,0.725500368203844,0.13732924233030694,0.010685349867362182,0.0,0.0,9.886321044172414e-13
PWY-5850,0.0,0.703978254050231,1.1515001903436114e-10,0.0,0.0,0.0,0.0
PWY-5855,0.0,0.1628494923235251,0.0,0.0,1.4179610735700988e-10,0.0,0.0
PWY-5856,0.0,0.1628494923235251,0.0,0.0,1.4179610735669615e-10,0.0,0.0
PWY-5857,0.0,0.1628494923235251,0.0,0.0,1.4179610735690644e-10,0.0,0.0
PWY-5860,0.0,0.5682960249722798,0.0,0.0,0.0,0.0,0.0
PWY-5861,4.3142737456267624e-14,0.7689708210051918,0.14408512162354092,0.024169769635294373,0.0,0.0,0.0068846407280473
PWY-5862,0.0,0.6003713316923354,0.08911595219135911,0.008762979779314414,0.0,0.0,0.0
PWY-5863,0.0,0.43771594602824415,0.06963064861705022,0.0028892263240083184,0.12016456561887644,0.0,0.001008867369541627
PWY-5864,0.0,0.0,0.0,0.0,0.0,0.0,0.0
PWY-5870,0.0,0.0010243287661489532,0.0,0.0,0.0036145506028814737,0.0,0.0
PWY-5871,0.0,0.0007248666564025048,0.0,0.0,0.003856922406067341,0.0,0.0
PWY-5872,0.0,0.0,0.0,0.0,0.003064683091571229,0.0,0.0
PWY-5873,0.0,0.0007248666564025048,0.0,0.0,0.003856922406067341,0.0,0.0
PWY-5896,0.0,0.7037411261767443,7.442167236630276e-11,0.0,0.0,0.0,0.0
PWY-5897,2.0884536119612935e-11,0.8585352278485744,0.1851232571776247,0.029049332160450504,0.193652913063111,0.0,0.003267114073955847
PWY-5898,4.5007304247913186e-11,0.858477747764803,0.18536664846461487,0.029609224315207197,0.1936714073248459,0.0,0.0024819880801884107
PWY-5899,4.2097945034644765e-11,0.8584851395969493,0.1853334558314588,0.029535330866912124,0.1936672808621577,0.0,0.0025883213609041453
PWY-5910,0.0,1.913981936263506e-05,0.0,0.00795290070664562,0.2463207626474563,0.0,0.00017881062807865745
PWY-5913,3.7281374299074466e-14,1.0556042531445222,0.0,1.7573598581694239,0.41303454877270973,1.2530316831964722e-11,0.07059363326183805
PWY-5918,0.0045649205047321355,0.6132132701545827,0.0012263708038584618,0.0033203633091161543,0.25660116713097136,5.199827960863392e-07,0.020349855429184573
PWY-5920,0.0,0.34805474364746225,0.0,0.0,0.02244565153287553,0.0,0.0
PWY-5941,6.757621831656646e-16,0.0,0.8771329873331164,0.1731034837298272,0.02378396764874361,0.0,0.10457744457086471
PWY-5971,1.086694840668907e-07,1.4345521198408344,0.20881317985804518,0.36534774228549155,0.0,0.0,0.4307039734873208
PWY-5973,1.2372038343660834,0.6426471242788903,2.9190879426817213,0.12058382471394402,0.7577756831751695,1.4214176621193124,0.0
PWY-5989,0.0020351025164187147,1.1507059406642468,0.9062041193398371,0.44360408575293947,0.07748142590503326,3.1466720177528736e-14,0.15601642764331006
PWY-5994,0.0,0.0011392714475473773,0.03529884690795061,0.33790364028895115,0.0,0.0,0.043804272720038805
PWY-6071,0.0,0.02646178942452601,0.0,0.0,0.0,0.0,0.0
PWY-6098,0.0,0.0,0.0,0.0,0.00010017041932984069,5.802969431140712e-07,0.0
PWY-6107,0.0,0.0016203139071900017,0.0,0.0,0.0009072841237036604,0.0,0.0
PWY-6113,1.5778729461449322e-09,0.9278559255445328,0.05131099395144944,0.21113525945897035,0.0,0.0,0.4151568014539497
PWY-6121,3.4035710826963252,0.3437715975216947,1.5291638985287201,1.6202268505025035,0.8518587910203014,1.0087877018327185,0.7283534384281438
PWY-6122,3.8121082530687835,0.2760397990979179,0.5887501024862549,1.948726176892127,0.7273146788438735,3.302915599009767,0.21239199260852581
PWY-6123,2.219793887411409,0.18462276870504554,2.5873913648512326,0.9128662700137243,1.0008652245031806,0.3869308705371273,0.5554898873992521
PWY-6124,2.071868903470429,0.09191547475328493,2.728496923870581,0.795372529832146,1.0022757343338273,0.05569477808141293,0.5769455373688345
PWY-6125,1.0284770802854573,0.46551581323388624,2.374049592905126,0.3882830609471322,1.5607036711457964,0.6651286184642771,1.4885954712496545e-10
PWY-6126,2.2919963089289923,0.5899960797434893,1.872441721879998,0.763233310268762,1.1636318833285162,0.747837163144964,0.7256436468876499
PWY-6138,0.0,0.0008873292065234509,2.2677957473672386e-05,0.0,0.00010729041472913452,0.0,0.001336559537896726
PWY-6143,7.025268704057888e-10,0.0,0.10618793474891404,0.0,0.0,0.0,0.002224799225139886
PWY-6145,1.0697050502670137e-08,0.0,0.0,0.0,0.002068548746201324,0.0015441523030194752,0.0
PWY-6147,0.31422555320083917,0.2753288928040012,1.9799257401895154,0.10014185174386636,0.5398122247255004,3.386990794735304,1.23673737583375e-09
PWY-6148,0.0,5.290282377524609e-06,0.0,0.0,0.0001065562497787727,0.0,2.306544818315354e-05
PWY-6151,3.8857337599314237,2.758682591602782e-05,8.477576116987015e-09,2.1723829781981916,0.7223562469876446,3.619278422527024,0.034542260693463625
PWY-6163,3.473126179644686,0.2580103650379916,1.509013841962806,1.169514792420729,0.5290412780637233,1.4147347495871245,1.5825250409646747
PWY-6165,0.0026441806049869888,0.00726782629837563,0.0,0.0,0.0,0.0,0.014989846463856597
PWY-6167,0.0,0.0,0.0,0.0,0.0,0.0,0.11538367971542383
PWY-6168,1.7417301200036528,0.2692646360314548,1.8329453492322616,4.506466715749104e-15,0.20696698275993167,0.8337162687827415,1.2152458643847774
PWY-6174,0.0,0.0,0.0,0.0,0.004480930335093571,0.0,0.003265908527376174
PWY-6182,0.0,0.06359590905514888,0.0,0.0,0.0,0.0,0.0
PWY-6185,0.0,0.08093641324815086,0.0,0.0,0.0,0.0,0.0
PWY-621,0.13523355152851424,0.4729673984848716,0.6943711703230441,0.8182656867452431,0.8944544782749635,0.0,0.9382448627254704
PWY-6210,0.0,0.005472224206324697,0.0,0.0,0.0,0.0,0.0
PWY-6215,0.0,0.007456929376621787,0.0,0.0,0.0,0.0,0.0
PWY-622,0.0,0.016242664534707574,0.0,1.30804138746757,0.0,0.0,6.97023830031869e-08
PWY-6263,0.05558351457966245,0.0,0.06280205410823946,0.0,0.0,0.0,0.0
PWY-6269,0.0,0.0076720843446769485,0.0,0.0,0.0013666307912427167,0.0,0.0
PWY-6270,0.0,0.0,0.0,1.9409706205438753,0.0,0.0,0.08740266948899963
PWY-6277,3.82089991368426,0.2752108083691158,0.5862108687517245,1.9521471873723824,0.7270079047563885,3.3014447593305754,0.1928151019219072
PWY-6281,0.00034991537659739613,0.0,0.0,0.0,0.0,0.0,0.0
PWY-6282,0.003668777656409591,1.326877570685062,0.9074899344595668,0.5954661494255973,0.0889784198467054,0.0,0.00919461503413726
PWY-6284,1.4835549090844633e-12,0.6231957698571783,0.0002165731457294411,0.0625138382821146,0.17184488966878042,0.0,0.20944938616208922
PWY-6285,0.0,0.8734016253600976,0.0,0.02063483005995597,0.1407334619455983,0.0,0.0
PWY-6305,0.8277797838455109,0.9421169699346553,0.36676937204784776,0.0,0.0,2.6188851753249184e-12,0.6079937262174407
PWY-6307,0.0,0.00030163129987422665,0.0,0.0,0.0001563690213870981,0.0,0.0
PWY-6309,0.0,0.0,0.0,0.0,0.0037285355186457824,0.0,0.0
PWY-6313,0.0,4.7015553876705944e-05,0.0,0.0,0.004234616045292639,1.1969548493525218e-05,0.0
PWY-6317,1.796291857497853,0.3510031970772419,3.7701708531873387e-06,0.356660388195704,0.6076838022013801,0.0,2.1637542093707234
PWY-6318,0.0,0.13490847912793175,0.027765803561974917,0.0,0.04321532685442507,0.0,0.002018480271852351
PWY-6342,0.0,0.0,0.0,0.0,0.0,0.0,0.0
PWY-6344,0.0,0.002033339127297562,0.0,0.0,0.010731099557708403,0.0,0.0
PWY-6349,0.0,0.0,0.0,0.0,0.0,0.0,0.05035277449074389
PWY-6350,3.420636891112576e-05,0.0,0.0,0.0,0.0,0.0,1.4120452711902335e-08
PWY-6351,0.0,0.0,0.0,0.0,0.0009539200396447089,0.0,0.0
PWY-6352,0.0,0.0,0.0,0.0,3.4644792176250604e-05,0.0,0.0
PWY-6353,0.10378444537945065,0.9558130759663805,0.22120822088582218,0.0,0.03365799558178779,0.0,1.3337269698741647
PWY-6383,0.0,0.0,0.0,0.0,0.0018131672886945321,0.0,0.0
PWY-6385,4.30707290683002,0.2680015084395492,0.8644620063428288,1.6540556366615284,0.3203395308152178,3.244964807373438,5.036342032347834e-06
PWY-6386,4.600406415458484,0.012455410604576254,0.6406287093035443,2.023634343397987,0.6300558856624611,3.1570418513406038,0.0007706328616419998
PWY-6387,4.542510863543368,0.11189295394368697,0.6793389677983812,1.9094352896645048,0.5764896862032183,3.318837976188436,1.9018157004749117e-05
PWY-6396,0.0,1.8366703500585707e-05,0.0,0.0019969501909570275,0.059209084484166945,0.0,6.882669350765208e-05
PWY-6415,0.0005545527549154452,1.0305412752685686e-12,0.0005953436553409442,0.0,0.0,0.0,0.0003662514875908419
PWY-6435,4.281858847706865e-11,1.3273807694451059e-05,7.660887704833984e-10,0.06189273517349877,0.0,1.4316160383594277e-11,0.004168578698059409
PWY-6467,0.0,0.003878820251794834,0.0,0.0,0.0,0.0,0.0
PWY-6470,0.12355814619515838,0.0,0.20497882002213427,0.056104015438833296,0.0,0.0,1.2859441873879032
PWY-6471,0.258337918599364,0.0014353375304886997,0.16215546668988906,0.656276060613128,1.2297901088126542,0.0,1.8742370473183203
PWY-6478,0.0,0.0,0.0680466520246272,0.0,0.0,0.0,5.769965605774372e-05
PWY-6486,0.0,0.0,0.0,0.0,0.00014651622314752776,0.0,0.0
PWY-6507,0.3762760069207212,0.3760144450779176,0.25255754332953506,0.03161479187389366,0.11323375893640705,0.0,0.12952270028885768
PWY-6519,0.00013357233954933688,1.1045417543007365,1.061644525941706,0.16285220314328405,0.0,0.0,0.14336764077481262
PWY-6527,1.4799659085487662,0.5348182788921538,0.0,0.4492108573238538,0.15422623022769535,1.4141896233154407e-12,2.4873114196686585
PWY-6531,3.7775696560621753e-10,0.5215774027799661,0.11382930661755868,0.003183662233086465,0.0,8.419960908492445e-14,0.028358728440245572
PWY-6538,0.0,0.0,0.0,0.0,0.002455999046332017,0.0,0.0
PWY-6545,1.1822569473272542,0.13979400026285774,0.43341855168752697,1.3459544002874414e-05,0.38069474820457466,0.22080789119338182,0.009464881256891376
PWY-6549,0.1292351419686544,0.15310168011035996,0.0,0.0888886253182218,0.0,0.05195992635013654,0.750762857487963
PWY-6562,0.0012118467303777983,0.025194269687704784,0.0,0.0,0.0005145134657604987,0.001316264037509622,0.0012714056515321325
PWY-6565,0.0006035135546770236,0.0,0.0,0.0,0.0034983452694476573,0.0,0.0
PWY-6572,0.0,0.0,0.16123985421008513,0.0,0.0,0.0,0.0003300647425190169
PWY-6588,0.00032889039454369473,0.27776651250833845,0.032614871830056874,0.0,0.04902811364280052,0.0,0.1714690534770405
PWY-6590,0.20094933553399402,0.0,1.244797906205148e-11,0.0,0.0,0.0,0.5188842965776111
PWY-6595,0.00864682808400792,0.051564659737269106,0.03461318409030344,0.1994913474975484,0.4093005178059059,0.0,0.04844076941838977
PWY-6596,0.0,0.0,0.0,0.0,0.000983566299661202,0.0,0.0
PWY-6598,0.0,0.0,0.0,0.0,0.0033696753438259707,0.0,0.0
PWY-6606,0.002736593593418824,0.6502137703889881,0.13730554563111913,0.011635087510967895,0.35641092531899654,0.0,0.7604455147918333
PWY-6608,0.0520777063638937,1.2142810072792105,0.4491498759806955,0.0,0.47998467471014145,0.04309503368952421,1.3242300299427088
PWY-6609,4.516308717599069,0.154001141905334,1.1132900899680724,9.726220684529342e-05,1.3011901216345705,3.233886984435145,0.5934135557779996
PWY-6612,0.0,0.31964185313966303,0.001207635752815217,0.03286756971226321,0.3988913924961725,5.995764711122226e-10,0.2809111049406319
PWY-6628,0.04464591297068452,1.0212985891736501,0.0,0.19438887368271812,0.4055284989440337,0.02692647135820682,0.020110954894433604
PWY-6629,0.014676509907042995,1.1502260446534163,0.0,0.03179694399277169,0.0,0.007821959458553978,0.005424365946836036
PWY-6630,0.017873800744694874,0.7286757252819265,0.0,0.052028581256944685,0.10338693864175061,3.343254871017316e-14,0.0016886087450964451
PWY-6641,0.0,0.0007650393284154007,0.0,0.0,0.0,0.0,0.0
PWY-6660,0.0,0.0,0.0,0.0,0.006285517191734809,0.0,0.0
PWY-6662,0.0,0.0,0.0,0.0,0.006380639974845073,0.0,0.0
PWY-6676,0.0,0.0,0.0,0.0,0.0,0.0,0.0
PWY-6690,0.0,0.262993333204513,0.0,0.0,0.0,0.0,0.0
PWY-6700,4.1138934841278845,1.0541685755485297e-08,1.1677090892703925,1.0457190009672651e-11,0.5943191530581782,2.961765262369977,2.2922644242688706e-08
PWY-6703,1.4540794403072297,0.23433400798991913,1.9703051744953883,2.641844481056167e-07,0.3664103641837868,1.693469166966608,5.246382727966199e-10
PWY-6708,0.0,0.1628494923235251,0.0,0.0,1.4179610735483698e-10,0.0,0.0
PWY-6728,0.0,0.00011427948355141418,5.210948201788977e-12,0.0,0.0,0.0,0.0
PWY-6731,7.344535311318964e-06,0.29697126441347904,0.05269542501204729,0.4412140528232463,0.0,0.0,0.11407592160188246
PWY-6737,4.200830995058271,0.4028312021371304,1.7017993720863998,2.1824411134805723,0.0,0.0,1.7636770623584759
PWY-6748,0.0,0.0002890974604262826,0.0,0.0,0.0028679533797518987,0.0,0.0
PWY-6749,0.00035317570057658015,0.05588126128422982,0.11178662420447041,6.52339974638312e-10,0.0,0.0,0.0007228651492364154
PWY-6760,0.0,7.900175275573916e-05,0.0,0.0,1.5933163048718935e-06,0.0,0.0
PWY-6763,0.0,0.001145933261796161,0.0,0.0,0.0,0.0,0.0
PWY-6785,0.0002698844496167834,0.00084172628760151,0.0017868670605405265,0.0,0.003533971356560328,4.5463227179612756e-05,0.0024150877860932467
PWY-6797,0.0,0.0,0.0,0.0012451868068193085,0.005866233653188505,0.0,0.0
PWY-6803,0.002638178910904903,0.6234737324043621,0.0012814845004440873,0.0,0.0021549370996111388,0.0013202985382447182,0.0
PWY-6823,0.0,0.13430019708908075,0.0,0.0008544139206033994,0.0,0.0,0.0018754935179240847
PWY-6834,0.0,5.313555979824304e-05,4.801191075589539e-05,0.0,0.0,0.0,7.559040865130954e-05
PWY-6837,0.0,0.15820257654470155,0.0,0.0,1.7780613370718104e-05,0.0,0.0
PWY-6857,0.0,0.0,0.0,0.0,0.00040326273226681185,0.0,0.0
PWY-6859,4.262038875567781e-05,0.18544095003999717,0.7517931743996863,0.0013798824445346788,0.35963692782250684,0.0,0.07474064323998234
PWY-6863,0.0,0.0,0.0,0.0,0.002635306072158953,0.0,0.0
PWY-6876,0.005955180319194007,0.003983161038190791,0.010238151781718765,0.0,0.028250771788175772,0.0,0.017129098847714106
PWY-6883,0.0,0.0,0.0,0.0,0.009478424869219853,0.0,0.0
PWY-6891,0.11153104981632762,0.7298706014389822,0.0,8.972601249620789e-05,1.1491324588012948e-08,0.025794388982788772,0.41037281136090437
PWY-6892,0.13732191442488698,0.7268189534774703,1.6355491869267607,5.530726262104674e-15,0.0,0.18732619026394887,2.47567064081605
PWY-6895,0.5694690951581897,0.8429867838922439,4.526704346774314e-08,0.0,0.0,0.17168239173647876,0.4767447597829436
PWY-6897,1.4735075226866292,0.27800272302062023,0.9649707429616424,0.2711950626732811,0.30981214897828935,2.2342083803817414,0.615478931538228
PWY-6901,0.2520159425032494,0.9290970814154781,0.8793895768657347,0.6078261869404036,0.0,0.0,0.9099821957904505
PWY-6906,0.0014563283347865813,0.0,0.0003134179113972403,0.0,0.000152537940440085,0.0,4.4839944418907404e-14
PWY-6936,0.8148716865580921,0.9365338865075383,1.6581517560488064,1.036907163757493,1.0556009448939194,0.407979823097642,1.807983064915486
PWY-6948,0.0,0.0,6.461018108815017e-06,0.0,0.00014362652819340288,0.0,0.0
PWY-6953,0.0,0.0008326411882823871,0.056491911835027234,0.00028384245833416047,0.0,0.0,0.0005867349484782366
PWY-6957,0.0,7.208659759322739e-05,0.0,0.0,0.0,0.0,0.0
PWY-6969,0.3663039864368885,0.7240861151373066,2.177905372480776e-13,0.0,0.0,0.0,0.0015873037287091054
PWY-6981,0.0,0.0,0.0,0.0,0.0014725639321933907,0.0,0.0
PWY-6992,0.0,0.0,0.0,0.0,0.02003441364770305,0.014147881713185413,0.0
PWY-7003,8.996329214711761e-16,0.16823372204445902,0.0013455213316976634,0.0,0.004140924707995855,0.0,0.3244235962746227
PWY-7007,0.0,0.0013695440984823858,0.0,0.0,0.019732793623039355,7.222211495193239e-05,0.0
PWY-7013,2.0916206082007912e-13,0.5832445713486722,0.011322561762563415,0.0021036137720709695,0.08788543281070388,0.0,0.41452056271739224
PWY-7031,5.777684486408544e-09,0.00010955809224183399,0.005783784544062951,0.00020584684901813602,0.0,0.0,0.0025860207711748836
PWY-7039,0.0,0.025530359468451537,0.0,0.0,0.00042375151146350766,0.0,0.0
PWY-7046,1.7087401770110784e-07,0.15257734045360333,0.0006594644031434665,0.040974895714005165,0.0,5.474791331179101e-14,0.05320321711676984
PWY-7090,0.0,9.21309436371266e-05,3.1964275828362565e-12,1.556598137821666e-06,0.001183059787633741,0.0,3.129213508631825e-05
PWY-7094,0.0,0.2260997164156255,0.0,0.0,0.0,0.0,0.0
PWY-7111,4.034810654415319,1.21509273099465,0.9819968950014379,2.9896975586569283,0.0007615339140663845,3.446088483638339,0.764533493981463
PWY-7112,0.0,0.0,0.0,0.0,4.122469940562445e-05,0.0,0.0
PWY-7115,0.01943071094967601,0.3523804857254381,0.0,0.6611698973534985,0.006734804987584198,0.0006902560431832571,0.33467197870150817
PWY-7117,3.628841967522668e-08,1.0597614314378003,0.0004069644386927528,1.5782647016066476,0.20340530629922746,0.0010565999150162668,0.23184324996807562
PWY-7118,0.0,0.002943934272687436,0.0,0.0,0.0025208895107809905,0.0,0.0
PWY-7124,0.0,0.00032688242966884246,7.905737000614424e-08,0.0,0.00010938161784614985,9.165143324996533e-05,0.0
PWY-7159,0.0,2.2627279126846462e-05,7.621119114415862e-07,6.720237994563274e-07,0.0008972107786139497,0.0,0.0
PWY-7165,0.0,0.045898088771955434,0.0,0.0,0.0,0.0,0.0
PWY-7184,0.9207210294684692,0.41806272444365533,1.2636888063686047,0.2859150426605436,1.4789632447019188,0.15468050654918486,0.0
PWY-7187,1.5581892151366654,0.3912796900336286,0.8841251960829585,0.7632211224754657,0.900448605775304,0.0,1.4423957871254737e-05
PWY-7196,0.10050529894427121,0.025289361525176253,0.2699267390095157,0.11612453126106025,4.3956026039461925e-13,0.0,1.1977710311898035
PWY-7197,0.7174710200215737,0.2446380354596262,0.7121657880210236,0.14657812912214635,1.336693071081142,0.10130946665268857,0.0
PWY-7198,0.23894787969269718,0.16839640033973535,0.20529651853986325,1.0686037627263885,0.3348945439663281,0.04738678004552069,0.12173664947063603
PWY-7199,2.743444613824058,0.09181521494358548,1.5811769300684901,0.0,0.8952516886465549,1.92603229335975,0.0
PWY-7200,9.180215912619646e-14,0.0004985338313548485,0.003542704843720898,0.010706635284461108,0.386247040651179,0.0,0.0
PWY-7204,0.0,0.3590000093046877,0.0004162588651216273,0.0,0.0,0.0,0.0
PWY-7208,1.0674657883789491,0.31203435393920004,1.213331986667628,0.17242610952180165,1.5448875206397905,0.5665001734802387,4.731467722117885e-12
PWY-7209,0.0,0.03989490998919364,0.0,0.22438522280807863,0.0,0.0,0.08349011371401625
PWY-7210,0.004578945942077291,0.23710152819847732,0.2169380493058153,0.039016565795909806,0.3609389765448674,0.0,0.08449207376556721
PWY-7211,0.13829908401655688,0.29842145269452774,0.49233723774996996,0.14830624883001547,0.1520427085294952,0.0,1.0453620211383052
PWY-7218,0.0010611328464323994,0.0,6.227442741281117e-12,0.0,0.0,0.0,0.00030727441474003974
PWY-7219,5.180205725859858,0.17602850035882306,0.4720220738213713,1.2692069704452913,0.8385157183943138,3.6121490858698575,5.527724971595002e-07
PWY-722,0.0,0.00034441999817387797,0.0,0.0,0.0008986704813454065,0.0,0.0
PWY-7220,1.5258412313224576,0.7801406786122979,2.090547981750058,1.7552402386308967,1.9350409107284845,0.1642952781152842,0.00042327804736122244
PWY-7221,4.396201675043196,4.896998659685335e-05,0.8442900422230815,2.2409495390654666,0.79621908594343,3.9669498262760166,0.002096535409869819
PWY-7222,1.5315014237705324,0.7809640097740073,2.0963177438015173,1.7527510449091652,1.9362168351900095,0.13693010109419776,0.0008782108487674868
PWY-7224,0.0,8.069773667569932e-06,0.0,4.360221111652407e-05,0.0,0.0,0.0
PWY-7228,0.9195033273786122,0.4637260473617121,2.533419647118163,0.30425439859894093,1.6968516004224168,0.8561924002330122,3.8285234249152615e-13
PWY-7229,2.671591780120609,0.6239281595179378,1.8447904641922173,0.9602737930516657,1.1244664699977596,1.0216963702716488,0.5975151870700031
PWY-7234,0.5330164107101979,0.37658930502964566,0.46777483394316,1.0189386028669927,1.0331090498685755,0.0,0.00016370666242628752
PWY-7235,0.0,0.0007565921184052753,0.0,0.0,0.007827086396345776,0.0,0.0
PWY-7237,0.01797647915423415,0.08138165977655212,0.18635875458896015,0.0,0.0,2.564108055239284,4.2626519485315475
PWY-7238,0.0,0.0,0.0,0.0,0.00012149666983018447,0.0,0.0
PWY-724,2.487940344252355,0.41527629483937667,1.414279817313319,1.9738688505840774,0.3077921004686425,0.4881353726553005,0.8356979991908247
PWY-7242,0.4809921134480969,0.3269244046950577,0.3487826840544654,0.02640224604871165,0.09293402279337254,1.4788531530745578e-13,0.10207831788841816
PWY-7245,0.0,0.02135386663286407,0.0,0.0,1.5130256827837539e-05,0.0,0.0
PWY-7254,0.0016230284767938417,0.7525080816029989,0.0,0.0014849426374524304,0.0,0.0010200932401494757,0.0
PWY-7255,0.0,0.0,0.0,0.0,6.852181616332807e-05,0.0,0.0
PWY-7268,0.0,0.03988875869366322,0.0,0.0,0.010363499582344107,0.0,0.0
PWY-7269,0.0,0.21121844451019042,0.0,0.0,0.0023157890292438347,0.0,0.0
PWY-7279,0.0,0.027704311877894603,0.0,0.0,0.12394248045492938,0.0,0.0
PWY-7282,0.46317605970510684,0.7303134757487182,1.944705855686583,0.16769449933564157,0.2640621917864538,7.42825735446827e-07,2.0526020468628237e-07
PWY-7283,0.0,0.0,0.0,0.0,8.774577572906801e-05,0.0,0.0
PWY-7286,0.0,0.0,0.0,0.0,0.0,0.0,0.05773938189844927
PWY-7288,0.0,0.05259790180564364,0.04645570823317543,0.0,0.06601784717456,0.0,0.026118103240355177
PWY-7290,0.0,0.001444948669534175,0.0,0.0,0.0,0.0,0.0
PWY-7294,0.0,0.017427435208254127,0.0,0.0,0.0,0.0,0.0
PWY-7312,1.159361422697614e-13,0.0,0.28824245521899433,0.0,0.0,0.0,0.000436324626871363
PWY-7315,0.03328472661586618,0.35787648505335773,0.13971229800510823,0.0,0.0,0.021376203566560056,0.22193118199374995
PWY-7316,0.0,0.014000007081808727,0.1776307142165662,0.0,0.0,0.0,0.0005926089240977822
PWY-7317,0.0,0.0,0.0008794170279583214,0.0,0.0,0.0,0.0
PWY-7323,0.21886745906813085,0.3652419592801455,1.052948054851044,0.0,0.0,0.0,0.4824573108795087
PWY-7328,0.018520994546772255,0.3828909848062513,0.026270712878912535,0.8200155646811483,0.0,0.0,1.9336039589459484e-05
PWY-7332,8.089755053765903e-05,0.0,0.5347153729171342,0.0,0.0,0.0,0.031361715578598306
PWY-7337,0.0,0.0,0.0,2.1087425754239714e-05,0.00013679904230150667,0.0,0.0
PWY-7338,0.0,0.0,0.0,2.1087425754239714e-05,0.00013679904230150667,0.0,0.0
PWY-7345,0.0,0.11204120209952594,0.0,0.0,0.02829774078361275,0.0,0.0
PWY-7347,0.0,0.0,0.0,0.0,6.278182113519175e-05,0.0,0.0
PWY-7357,1.710177913352594,0.183224698854321,0.3976401558726636,0.976393129060137,0.5279213483733065,1.8150305365605583,1.7192641320205804
PWY-7371,0.0358903346790967,0.0,0.034263184018853796,0.0,0.0,0.02364886826410353,0.0
PWY-7373,0.0,4.7193843659783154e-05,0.0,4.823046321909637e-05,0.0005364401162619854,1.6414673874761286e-05,0.0
PWY-7374,0.001051968031323239,0.0,0.0002591601858122122,0.0,0.0,0.0,0.0
PWY-7376,0.0,0.0,0.0,0.0,7.1394299714292214e-06,0.0,0.0
PWY-7377,0.0,0.0,0.0,0.0,0.00130914041635651,0.0,0.0
PWY-7383,0.8645337090967355,0.0,0.0,0.0,0.0,0.0,0.007754004661751515
PWY-7384,0.0,0.002504294617313733,0.0,0.0,0.009586192914154197,0.0,0.0010438076931524206
PWY-7385,0.00043840148452728927,0.1806316961461452,0.0009328546098574186,8.366941544660749e-14,0.0,1.2027078681901137e-13,0.008778949429329285
PWY-7388,1.8362218468371633e-06,1.461007793866599,0.8273692533824387,0.5906189682024376,0.09769142405867359,0.0,0.011996207227917282
PWY-7389,0.0,0.0022191353116862234,0.0,0.0,0.010437301646657345,0.0,0.002456717213359682
PWY-7391,0.0,4.13475942935046e-06,0.0,0.00011905231793801767,0.12189094267134601,0.0,0.0
PWY-7392,9.799616678496042e-14,1.810038055126616e-06,0.03964092024374977,0.6189004867889845,0.0,0.0,0.14292773196314867
PWY-7397,4.067607855828165e-07,0.0,0.0,4.37076198136402e-05,0.0,0.0,0.0
PWY-7399,0.0,0.002596911854866993,1.9128468134911914e-10,0.0010021451270794083,0.0004974126756624347,0.0,0.00017322889137694753
PWY-7400,3.5213042756491304,0.46054857154750617,0.0,1.871071613297428,2.0917000832352455e-12,2.13878248122548e-09,1.5250862183273945
PWY-7409,0.0,0.04709938414341341,0.0,0.0,0.0,0.0,0.0
PWY-7411,0.0,0.0,0.0,0.0,0.0025105181112140876,0.0,0.0
PWY-7413,0.0,0.0,0.0,0.00010910968913020013,0.0003956707404911386,0.0,6.437535199771802e-05
PWY-7420,0.0,0.0,0.0,0.0,6.847965764327086e-05,0.0,0.0
PWY-7431,0.0,5.5429835284567784e-05,0.0,0.0,0.003338832007103829,1.0139873735217053e-05,0.0
PWY-7433,0.0,0.0,0.0,0.0,0.0015314888896221517,0.0,0.0
PWY-7446,0.0,0.146070808775666,0.0,0.0,0.0,0.0,0.0
PWY-7456,0.3968530429246195,0.0,0.7077873831064223,0.0,0.0,0.0,0.5199452841420522
PWY-7527,0.0,0.003601994824117759,0.0,0.0,4.3139742884144256e-11,0.0,0.0
PWY-7528,0.0,0.0025951943095365413,0.0,0.0,1.8567215544593394e-12,0.0,0.0
PWY-7539,0.37251631531815127,0.2823858297371462,1.9134121258248231,0.05370777918288453,0.18186006272558233,3.3003682311425817,1.8121289017371923e-09
PWY-7560,0.0,0.003166923188999253,0.0,1.9228850729897147,0.0,0.0,0.09439008775924257
PWY-7616,4.867524023279907e-11,0.02584760988772146,0.0,0.0,0.00011961701044783071,0.0,0.007593559465295285
PWY-7619,0.0,0.0,0.0,0.0,0.0033774369763767747,0.0,0.0
PWY-7626,0.0,0.0,0.0,0.0,0.0,0.0,0.0
PWY-7663,0.9371590208422378,1.165629264528377,2.686339932297165,0.3011283920662944,0.7836293306736184,1.558307225802188,0.0
PWY-7664,0.007517779209128183,1.3775393482907472,1.014069242190313,0.6341405900595398,0.08174337801187445,0.0,0.014370965789619217
PWY-821,0.0007158279017283893,0.5005348244545076,0.0,0.04888236334992733,0.12910050975005607,0.006539235061795072,0.04634561973666147
PWY-841,1.631203695798492,0.4211082687895894,2.0764365312695676,0.43724882292858125,1.1504669554917282,0.46455306993947076,1.0926013815011031e-09
PWY-922,0.0,2.6478225221302335e-05,0.0,0.0060636971100820935,0.282607283181475,0.0,3.20472702581832e-12
PWY0-1061,0.301319820583448,0.5417199151275641,0.0,1.3533393349335225,0.10217107889679025,4.2590768598694845e-05,0.2859639086479447
PWY0-1241,0.23659670709388816,0.35191053427241836,0.1349355416292215,0.0,0.06974118600343988,0.05930252980935992,0.0
PWY0-1261,0.9121968551771472,1.0855487568646287,0.7558756489941754,0.25773801742477054,2.1819980863129902e-10,0.0,0.008905773250306545
PWY0-1277,0.0,0.3189080642854955,0.0,0.0,0.0,0.0,0.0
PWY0-1296,2.984635763353291,0.4534733914500044,0.0,0.0,1.0898249121768029,0.0911853096204973,1.7476156264323999
PWY0-1297,0.10513887553030209,0.737208276214917,0.0,0.0008730304908529244,1.143265661919982,9.126815582131828e-10,0.4539801713046977
PWY0-1298,0.08354159490025621,0.7603722828128665,0.0009488918010746507,1.86879739973187e-09,0.5452107327473592,0.0,0.16810667934193152
PWY0-1319,2.697151750123846,0.6819514023942175,2.080164202906409,8.402688286795674e-07,7.3564916775413625e-09,0.7939978094475764,1.8486600272098554
PWY0-1338,0.0,0.1699535238337979,0.0,0.0,0.0,0.0,0.0
PWY0-1415,1.8432904149293198e-10,0.4279204889236209,0.0033029157658693927,1.194496479917891e-05,0.0019676366634893217,0.001040296002801886,0.004750668112868229
PWY0-1479,0.3716165814866788,0.9122028831067605,0.0,0.3706288555149932,0.0,0.0007901534591960231,0.03461742911107466
PWY0-1533,0.0,0.055256448241988394,0.0,0.0,0.0,0.0,0.0
PWY0-1586,0.9826074711666969,2.417572833116506,2.1048397840972126,0.7371358439705413,0.9924490536049105,3.0963225232838645,1.7772616356517827
PWY0-162,0.9767015948684644,0.554735298537035,1.1621100838084348,0.8500672131325361,0.4292054834755284,0.10482448671139295,7.063655567356073e-07
PWY0-166,1.5039492310760822,0.39302264733241005,1.056521211548006,0.6836982262744792,1.3408833415474004,4.920823385142279e-11,2.4302472783380106e-10
PWY0-321,0.0,0.024126120832538414,0.0,0.0,0.0,0.0,0.0
PWY0-41,0.0,0.0670253071936476,0.0,0.0,0.0,0.0,0.0
PWY0-42,0.0,0.2700730406577753,0.0,0.0,0.0,0.0,0.0
PWY0-781,6.162471035283891e-06,0.9302621547298731,2.140689508639431e-06,1.000594703862711,0.0,2.1910725922688432e-09,0.5201332726136418
PWY0-845,0.0988049771114288,0.7809157312423888,2.1241148674265027,3.122015383239619e-16,0.0,2.127316724765209e-06,2.2022000791526542e-10
PWY0-862,0.00041012512608889335,1.2227782778374254,0.9167826110504685,0.5420222664232688,0.48072014365574334,0.0,0.00625953395140791
PWY0-881,0.0,0.340403405913529,0.0,0.10353032632494488,0.0,0.0,0.0
PWY1F-823,0.0,0.0,0.0,5.805008241504108e-05,0.0029217253263290927,0.0,9.261576129824581e-06
PWY1F-FLAVSYN,0.0,0.0,0.0,2.579728288065011e-05,0.0,0.0,0.0
PWY1G-0,0.00017477257240945324,0.0005799526295377158,0.0001862808800903482,0.0002670984685067128,0.008912350134381882,0.0012994464921284895,0.0020778525009553547
PWY3DJ-35471,5.562851945547567e-09,0.1277197156439142,0.0007515315483095678,0.00022897275275314313,0.0,1.1063881617206704e-14,0.0011742923670315171
PWY3O-1109,0.0,0.003416920684205329,0.0,0.0005509044767534802,0.0,0.0,0.0
PWY3O-19,0.0,0.0,0.0,0.0,0.003753520990656592,0.0,0.0
PWY3O-355,0.0,0.15345536943031188,9.473978396056377e-09,0.007902634298356203,0.0,0.0,0.0021435074776530627
PWY490-3,0.00976112976362417,0.0010748499161759109,0.004279111002372494,0.0,0.0,0.002675031512620646,4.608996564018711e-09
PWY4FS-7,0.835302196477632,0.8762626469035346,0.5010343708661136,0.07841155315745765,0.34101265796292457,1.1111673911734417,2.348741118309673e-05
PWY4FS-8,0.8355344179476882,0.8764332222976609,0.5009947492418514,0.07849284022128367,0.33785611875066857,1.1110088855714977,3.854045665335707e-05
PWY4LZ-257,2.0432914597684358e-07,0.7286037324675118,0.008647827797325142,3.627252846710263e-05,0.14675801815660777,0.0,0.1346355650277765
PWY5F9-12,0.0,0.0034445401064165187,0.0,0.0,0.0,0.0,0.0
PWY66-201,0.0,0.0,0.0,0.0,0.0004485981130902753,0.0,0.0
PWY66-367,0.0,0.0027362033821727526,0.00233766952358567,0.0,0.03720618981785851,0.0,0.0012029410201260084
PWY66-374,0.0,0.0,0.0,0.0,2.12096966415378e-06,0.0,0.0
PWY66-388,0.0010830839893729665,0.008311621443377283,0.00206718839642155,0.0,0.0019347278415853078,0.0006316220430739427,0.0
PWY66-389,0.0013277667783217664,0.3279706641973429,0.0,0.0066556258565198465,0.2358408011492806,0.04017974968998169,0.0
PWY66-391,0.0,0.0942169635838165,0.057350704405217987,0.0,0.04853848594009433,0.0,0.03676262381113019
PWY66-398,0.03025284794779239,0.09301021855119607,0.007867009142016861,0.0,3.5096914786566844e-14,0.00027696839755894876,0.001711596104575545
PWY66-399,0.8037978244525273,0.0,1.9784270067778873e-07,0.0,0.0,0.0,0.2726064913234957
PWY66-400,0.9505896749648054,0.9770539943158291,0.43980151317620475,1.5316432156692281,0.7845264683168516,4.40865204552755e-05,1.0492944934754578
PWY66-409,0.24380123198132655,0.7077035689173686,0.0,0.03413044537793523,1.3426096952016477,0.030458038768284776,0.8869009530818308
PWY66-422,1.8662034919490085,0.3847294265548434,1.0119581624933003e-11,1.005600734309401,0.569455336336539,0.0,2.338290046818465
PWY6666-2,0.0,0.0,0.0,0.0,5.1743870473062936e-05,0.0,0.0
PWYG-321,0.003554695517618701,1.2479331967511575,1.0515678594850428,0.7345574074056666,0.0,0.0,0.03356829139850808
PYRIDNUCSAL-PWY,0.00010708343985899868,0.5923883870716644,0.0008591501965361964,1.0525626787628843,7.034559801326019e-09,2.1105504459111912e-05,0.4497407111161221
PYRIDNUCSYN-PWY,1.6677968296010808,0.2524056586578688,1.7259666595749334,1.339652297605089,0.0,1.9147952094969154,0.4019094249393932
PYRIDOXSYN-PWY,0.04463171075169647,0.6716548185914524,2.0504004787455608,0.0,0.0,0.08297589273298667,0.0
REDCITCYC,0.002715361263435536,0.20136026770275323,0.0,0.0,0.004514654391064241,6.805294548198986e-08,0.012648680278746025
RHAMCAT-PWY,0.4794827380346319,0.6089360092014865,1.074436631150642,0.0,0.20997388329004474,0.8989747225245103,0.13689443497566636
RIBOSYN2-PWY,2.842127708244416,3.5717578665219e-11,1.3338911546533092,0.29662581052460174,8.56754452347141e-13,3.5038612289250897,0.0003227381624358716
RUMP-PWY,0.0,0.0055711012558615144,2.482558051830178e-09,0.024886043527534665,0.13947818400080833,0.0,0.2051682530337882
SALVADEHYPOX-PWY,0.15792273161373344,1.122180105879456,0.07907973767750236,0.0,0.055620032588559305,1.342636593670154e-13,0.8168919705584108
SER-GLYSYN-PWY,1.024710687998111,0.6869728720754259,2.08423024265039,1.2799440572175338,0.29978119770447953,0.26474823989647606,1.52461756020101
SO4ASSIM-PWY,0.04828714668943283,0.9542735697804492,0.0,0.0030934464330366037,0.2696004972488416,0.0855952082247168,0.05941762126210195
SPHINGOLIPID-SYN-PWY,0.0,0.0,0.0,0.0,3.42355728290476e-05,0.0,0.0
SUCSYN-PWY,0.0,0.0,0.0,0.0,0.00019846269494024898,0.0,0.0
SULFATE-CYS-PWY,0.12251340090413165,1.1459473449429893,2.2296142741060746e-15,0.04127105142581203,0.2666917181762543,0.08530479148524404,0.145801991203474
TCA,0.5103062165633165,1.0621487451421268,0.1177517745053152,0.18021796650006688,0.0,0.0,0.02747737383658351
TCA-GLYOX-BYPASS,0.0,0.9368848347787768,0.0,0.0,0.0,0.0,0.0
TEICHOICACID-PWY,0.0059749004298778885,0.008186610251819085,0.6417242664861585,0.019444038178539746,0.3368502964485361,0.0,0.7145517062486159
THISYN-PWY,1.234390658237843,0.5172256015934934,1.8618376402787624,0.0,0.0,0.7952308837185634,0.012324158857679068
THISYNARA-PWY,0.7178335690698868,0.41936846679063444,2.161286662413354,0.8200905822224245,7.747232989908922e-07,0.7394633764438532,0.949081201900489
THREOCAT-PWY,0.0,0.16450216883101554,0.0,0.0,0.0,0.0,0.0
THRESYN-PWY,1.6036866982157867,0.6913682293709806,2.107526101943199,2.0672289053129447,0.7513931226640348,0.6325802794898914,0.39955712600022575
TRIGLSYN-PWY,0.0,0.0,0.0,0.0,4.798338725986144e-05,0.0,0.0
TRNA-CHARGING-PWY,4.887097253870106,0.24539733551672843,0.8478765605164804,0.9753744360825596,0.6419333448606455,2.0707542298075907,1.2919146369441237e-06
TRPSYN-PWY,1.4461502884549864,0.32667875627657134,0.6931635095993894,0.7976593068623163,0.27342705759699903,0.5268999965257796,1.6213320259680215
TYRFUMCAT-PWY,0.0,0.0,0.0,0.0,0.02051941227527189,0.0,0.0
UBISYN-PWY,0.0,0.16312604235054928,0.0,0.0,0.0,0.0,0.0
UDPNACETYLGALSYN-PWY,0.0003139112959494032,0.0,0.0,0.0016489005723662423,0.019848468252113796,0.0,0.0
UDPNAGSYN-PWY,1.3569369723343607,0.5373187643390771,0.0,1.9186621380742428,1.3304451480603003,0.06022171000056779,0.1609649971940248
URDEGR-PWY,0.0,0.03711560174214623,0.0,0.0,0.0,0.0,0.0
URSIN-PWY,0.0,0.03516719301400692,0.0,0.0,0.00037268190294102016,0.0,0.0
VALDEG-PWY,0.0,0.0015417198985100734,0.0,0.0,0.00013987086830505218,0.0,0.0
VALSYN-PWY,4.044897264174136,0.8802123457753054,1.0058842768038558,2.805867992138921,2.7835970323269202e-11,3.5685252033989525,0.8332777024125326
MANNOSYL-CHITO-DOLICHOL-BIOSYNTHESIS,0.0,0.0,0.0,0.0,2.4085818633135347e-05,0.0,0.0
P184-PWY,0.0,0.0,0.0,0.0,6.7132863861373296e-06,0.0,0.0
P281-PWY,0.0,0.0,0.0,0.0,5.1498218407339185e-05,0.0,0.0
P3-PWY,0.0,0.0,0.0,0.0,0.0006471165938109627,0.0,0.0
P381-PWY,0.0,0.0,0.0,0.0,1.131838251922378e-05,0.0,0.0
PWY-5823,0.0,0.0,0.0,0.0,0.00251928588062803,0.0,0.0
PWY-6060,0.0,0.0,0.0,0.0,0.0018787465876364765,0.0,0.0
PWY-6075,0.0,0.0,0.0,0.0,0.0,0.0,0.0
PWY-6339,0.0,6.386457086904626e-05,0.0,0.0,0.0,0.0,0.0
PWY-6433,0.0,0.0,0.0,0.0,3.979107036108202e-05,0.0,0.0
PWY-6524,0.0,0.0,0.0,0.0,1.3927043924573179e-05,0.0,0.0
PWY-6557,0.0,0.0,0.0,0.0,1.0950467423869154e-05,0.0,0.0
PWY-6569,0.0,0.0,0.0,0.0,3.257366179734489e-06,0.0,0.0
PWY-6571,0.0,0.0,0.0,0.0,2.4679568628735823e-06,0.0,0.0
PWY-6654,0.0,0.0,0.0,0.0,0.0007488494570913855,0.0,0.0
PWY-6769,3.3739551839656887e-06,0.0,0.0,0.0,0.0,0.0,0.0
PWY-6829,0.0,0.0,0.0,0.0,2.5025595101326133e-05,0.0,0.0
PWY-6861,0.0,0.0,0.0,0.0,9.194739779614036e-06,0.0,0.0
PWY-6886,0.0,0.0,0.0,0.0,2.4976863596060646e-05,0.0,0.0
PWY-6942,0.0,0.0,0.0,0.0,0.0,0.0,0.0
PWY-7036,0.0,0.0,0.0,0.0,1.7608468531726927e-05,0.0,0.0
PWY-7049,0.0,0.0,0.0,0.0,6.294105524419601e-06,0.0,0.0
PWY-7053,0.0,0.0,0.0,0.0,3.080014764138764e-05,0.0,0.0
PWY-7270,0.0,1.9796475190431023e-06,0.0,0.0,0.0,0.0,0.0
PWY-7295,0.0,0.0,0.0,0.0,0.00016428862734772104,0.0,0.0
PWY-7434,0.0,0.0,0.0,0.0,3.211168729239609e-06,0.0,0.0
PWY-7546,0.0,0.0,0.0,0.0,1.9672088583550272e-05,0.0,0.0
PWY-7562,0.0,0.0,0.0,0.0,0.00040668247618017115,0.0,0.0
PWY-7592,0.0,0.0,0.0,0.0,1.2993180546895204e-05,0.0,0.0
PWY-7606,0.0,0.0,0.0,0.0,2.5305381991859384e-05,0.0,0.0
PWY66-378,0.0,0.0,0.0,0.0,0.0,0.0,0.0
PWY-1882,0.0,0.0,0.0,0.0,0.0,0.0,0.0
PWY-5328,0.0,0.0,0.0,0.0,0.0,0.0,0.0
PWY-6367,0.0,0.0,0.0,0.0,0.0,0.0,0.0
PWY-7059,0.0,0.0,0.0,0.0,0.0,0.0,0.0
PWY-7185,0.0,0.0,0.0,0.0,2.3705316321233354e-05,0.0,0.0
PWY4FS-5,0.0,0.0,0.0,1.2659785246806867e-05,0.0,0.0,0.0
PWY66-373,0.0,0.0,0.0,0.00019971418767646061,0.0,0.0,0.0
PWY-5466,0.0,0.0,0.0,0.0,0.0,0.0,0.0
PWY-6397,0.0,0.0,0.0,4.3669496778217383e-05,0.0,0.0,0.0
PWY-6724,0.0,0.0,0.0,0.0,0.0,0.0,0.0
