,0,1,2,3,4
Abiotrophia,1.8068592405966027e-06,8.529613253206097e-14,1.5530177540058746e-06,0.002305243689211365,5.367322792002358e-06
Absiella,0.0051082237632445295,0.0,0.0014507302601537249,0.0,0.014150442044422706
Acidaminococcus,0.5780349462738841,0.21354466613745657,0.0006577692200723733,2.61536643387964e-15,0.01282555548306027
Acidipropionibacterium,0.0,0.0,5.968395289222179e-06,0.0,1.157724203128661e-15
Acidovorax,0.0,0.0,0.0,0.0022919531185412135,0.0
Acinetobacter,0.0,0.0,4.611524797975129e-06,0.1181841780241322,0.0
Actinobaculum,0.0,0.0,0.005981845375983059,0.022027060332658926,7.720128118624173e-06
Actinomyces,1.1774118523730339e-14,0.0008580889610091106,0.1133115535116239,0.30599376395313016,0.01149920903415451
Actinotignum,3.1975869770966565e-05,0.0002406830112529073,0.0018751091540825304,0.0,1.777403724844423e-13
Adlercreutzia,0.0009548502868828188,0.00015223601520468076,0.008223273333555606,0.0,0.26054055867028575
Aeriscardovia,1.5034895214311742e-06,3.8721741558188245e-07,0.012700885857208629,0.0,2.4878425739086533e-07
Aerococcus,3.562604539128387e-05,0.003286564633790661,5.792350000768874e-07,4.568168568224896e-06,6.138366501018352e-16
Aeromonas,0.0,8.191406556695743e-12,0.0,0.039064989182147646,0.0
Agathobaculum,0.058590082310666945,0.05885599914399865,1.8692385007892468e-06,0.0,1.0920572941026927
Aggregatibacter,0.00035818342296638596,0.0004839466079166538,5.317056749439967e-14,0.017340066548427898,4.539816795627015e-05
Agitococcus,0.0,3.187433293007832e-06,0.0,4.6393597924935575e-06,0.0
Akkermansia,0.38825616748708064,5.234289801667881e-06,4.256220829896024e-05,0.0,5.622872050132191
Alcaligenes,0.0,0.0,0.0,0.0,0.0
Alistipes,9.7421698937752,0.10928340025388793,4.266862261570921e-15,0.0,3.5179189156962223
Alkalilimnicola,0.0,0.0,0.0,4.082423843736138e-07,0.0
Allisonella,0.004839937111422608,0.010438103843212681,0.00010347918766123649,0.0,0.005974812480650791
Alloprevotella,0.003967609857818957,0.001961050493620216,0.0,0.0022507476144298716,2.7100492521054788e-14
Alloscardovia,6.112330040405439e-15,0.006190677717661621,0.0018178279996340317,0.0033525583700872667,0.0018823589506725626
Anaerobiospirillum,0.00010162757848037091,0.030402065707229982,0.0,1.3625386715951532e-06,0.00039725495146640907
Anaerococcus,0.0,0.17931473912112003,0.00029047795489343204,0.07513691855736089,2.969451790771608e-14
Anaerocolumna,0.0,0.0,7.593918272692461e-05,5.383189708816683e-06,0.0
Anaerofilum,0.00025712016542317717,0.0,1.5168721255845114e-05,2.2830619228968804e-12,0.0005951932259014458
Anaerofustis,0.00015043067201125362,0.0,0.00019515608793138078,2.5620722032524222e-05,0.0014592613792993694
Anaeroglobus,0.004180813076944869,0.000713481931794242,0.0014796278553116178,0.026725763827685815,2.525090063937532e-06
Anaerolineaceae_unclassified,0.00012542928134494632,0.0,4.533318333378321e-08,6.418481386717738e-05,5.481352668282935e-12
Anaeromassilibacillus,0.010724152274363677,5.321582119848594e-13,1.0476160218262477e-09,0.0,0.07221484887683732
Anaerosporobacter,0.0,0.0,0.0011788349905890688,0.0010325132673969055,0.0
Anaerostipes,0.1839770946332041,0.004948203484677078,0.03621772657990528,0.0,5.19095044690442
Anaerotignum,0.06849847441070125,1.3106138862607568e-14,3.411344447137422e-05,0.0,0.02757618143890111
Anaerotruncus,0.18754642672138483,0.03679432371579788,3.042961633818744e-16,0.0,0.20979770025699238
Anoxybacillus,0.0,0.0,0.0,0.0,0.0
Aquamicrobium,0.0,4.5884707618511964e-06,0.0,0.0,0.0
Arcanobacterium,0.0,2.1175115868150852e-05,0.0,0.0,0.0
Arcobacter,0.0002490507016129965,1.963251964306047e-05,0.0,7.194709613661015e-05,8.259221817973057e-05
Arthrospira,0.0,0.0,0.0,0.0,9.153118708949545e-05
Asaccharobacter,0.0005730687118849156,8.909847041090522e-05,0.021574265598651828,0.0,0.35363302672653907
Atlantibacter,0.0,0.0,0.0,0.07548892873207035,0.0
Atopobium,5.611603768153565e-06,0.07867168355153392,0.001400108081447967,0.01575731126157613,0.0004648359569067682
Bacillus,4.282701605260174e-05,9.27132556241562e-05,0.00299452819354513,0.0022776216481663132,0.0011110771273989803
Bacteroidales_unclassified,0.00013520661781265498,1.5711483357452916e-08,1.4634960599165511e-05,0.0,2.468086665364629e-05
Bacteroides,83.34745312904052,0.0005732422650032718,5.111651787492587e-07,0.0,0.00037306144320556025
Bacteroidetes_unclassified,1.1020796371773921e-05,1.1114481738139342e-05,0.0,7.820081971298558e-09,3.21219151683555e-05
Barnesiella,1.7629512983792015,0.006779194493903629,0.0,0.0,0.7801139535132744
Bavariicoccus,7.852660881871262e-06,0.0,0.0009745372297817732,7.578045874084364e-08,0.0
Bifidobacterium,0.013084332454754738,0.007676836551926034,59.79719999802651,0.0,4.189031036222892e-05
Bilophila,0.11999127223352073,0.011052384151876782,0.0011387065207317353,0.0005740010967702616,0.03451743492332573
Blastocystis,3.369388525700057e-05,0.019011531793906775,0.0,0.0,0.025865650875270665
Blautia,0.8596565473144526,0.01598453855641812,1.8525014298205433,0.055941857258559956,9.989173467881644
Bordetella,0.0,0.0,0.0,0.0006413136778926876,0.0
Bosea,0.0,0.0,0.0,0.0,0.0
Brachybacterium,2.4712686078818484e-11,0.0,0.0,0.0,1.298833586952686e-06
Brachyspira,0.004588073937842602,0.1336476760864713,0.0,1.4127425577190496e-05,0.057228751999058435
Bradyrhizobium,0.0,0.01732394871373301,0.0,0.0,0.0
Brevibacillus,1.1952537244945056e-14,1.2252876062280642e-13,4.023279643254268e-05,0.0,2.671115858035372e-05
Brevibacterium,9.065409824676725e-07,0.0023081820270704568,0.0,0.0,4.340497066293706e-05
Brevundimonas,0.0,0.0,0.0,0.004942510261421595,0.0
Brochothrix,0.0,0.0,0.0,0.0,0.0
Burkholderia,0.0,0.0,0.0,4.2963481785967185e-06,0.0
Butyricicoccus,0.003668707604876362,0.0,4.1773178638205385e-06,0.010259618459763656,0.004881765541853056
Butyricimonas,0.2502019495574723,0.042552585759966614,0.0,0.0,0.03958299638985515
Butyrivibrio,1.7784896413675367e-12,0.6108082884987514,0.0,0.0,2.9060787196297158
Campylobacter,0.0007057267430943022,0.15321381431328107,0.0052950588655196595,0.0417644794429529,2.7386475669938444e-11
Candida,0.0,0.0,0.00123539771064345,0.08582912944805307,0.0
Candidatus_Gastranaerophilales_unclassified,0.006824592000484794,0.02347652385217156,0.0,0.0,0.0051546448301089355
Candidatus_Pelagibacter,0.0,1.1047331457267422e-06,0.0,0.0,7.562352741167938e-12
Candidatus_Stoquefichus,0.0079984550316975,0.0,0.0,0.0,0.01253309238643291
Capnocytophaga,0.0,0.00029963269841646304,0.0,5.61854511567161e-12,0.0
Cardiobacterium,1.7995147079855105e-06,0.0,0.0,0.000273526693682391,0.0
Carnobacterium,1.91706842860904e-12,3.892009841691388e-06,1.344794960637106e-05,8.655939724185643e-05,5.299559959515314e-05
Catabacter,0.0010457951922276344,0.0,0.0012974906976940938,1.5404183661130797e-13,0.003430556537427891
Catenibacterium,3.651729814559199e-11,0.26315333734636387,0.0013645776722394753,0.0,0.3282032052035225
Catonella,0.0,0.0,0.0,0.0,2.1099352402727312e-05
Caulobacter,0.0,0.0,0.0,0.004060340542083883,0.0
Cellulosilyticum,0.0002187093782276389,1.784491760283093e-14,5.066971273608382e-12,4.046220022056265e-05,0.000305681182052608
Centipeda,0.0,0.0,0.0,4.517596909036403e-06,0.0
Cetobacterium,0.0,0.00018270145695200454,0.0,0.02337963379531641,5.677539554947536e-05
Chelatococcus,0.0,0.0,0.0,0.0,0.0
Chlamydia,0.0,0.0,0.0,0.00026317645815294825,0.03854278879726658
Christensenella,0.0005845746684049533,0.0,0.0005137683631899437,0.0,0.006809569021108908
Chryseobacterium,3.5795731520278326e-15,2.744603074224242e-05,0.0,4.704913417934459e-05,0.0
Citrobacter,0.0,0.0,3.1669852532963005e-14,2.5834721225865898,0.0
Clavibacter,0.0,5.405245794281561e-05,1.059496899277019e-07,0.0,0.00018441137543253873
Cloacibacillus,0.004876554096281449,1.1758321007849977e-07,0.0,0.0,0.015047892982553554
Cloacibacterium,0.0,0.0,0.0,0.05505961455300955,0.0
Clostridiales_Family_XIII_Incertae_Sedis_unclassified,0.00023816198522083766,0.00030625690517856684,2.8049461411649426e-08,0.005867462017102126,0.0027579817072137347
Clostridiales_unclassified,0.0017987004839195438,0.034313677863518056,0.0,9.205689356725863e-09,0.1824555632262235
Clostridioides,0.0,0.0,0.0,0.42649598003687683,0.0
Clostridium,0.12101028410969542,0.20220624329570192,1.1833111556400202e-09,3.610517753191509,1.862872619845485
Collinsella,0.006230235881442896,0.2825846009819078,6.080292437967559,0.0,4.917866128889973
Comamonas,6.607829591809384e-12,0.03564660678054999,0.03182925866717891,1.5587209722470755e-06,0.03319986505363556
Coprobacillus,0.012546242569791881,3.858373489958627e-10,0.00453483936601269,0.03434247381027067,0.058919523501773194
Coprobacter,0.3197034434248096,1.888242008716694e-08,0.0,0.0,0.001749831450611135
Coprococcus,0.011917052773512422,0.24938228677589003,6.140239714827941e-12,0.0,6.1522768238735805
Corynebacterium,4.3986840793210546e-06,0.02049840148956335,0.0005996451039228441,0.0946727417887574,0.00013956498447883546
Criibacterium,7.676195682195352e-07,0.009202865214465067,0.0,5.693240179511505e-16,1.043194571062484e-06
Cronobacter,3.114890228150041e-08,0.0014663859391231952,0.001087112049413746,0.0015675645135099438,0.0
Cutibacterium,0.00022586685343879662,0.00029013769506996875,0.0061252906353043545,0.46371264711484905,1.8842688632890716e-14
Delftia,0.0,0.0,0.005833322566291267,0.0,0.0
Denitrobacterium,0.0,0.0,0.00039935162162087456,2.679848001726457e-06,0.0005676916464402267
Dermabacter,0.0,2.249116028327763e-05,4.269046531855299e-15,0.005362228488864512,0.0
Dermacoccus,0.0,3.852030721789483e-05,0.0,0.0,0.0
Desulfobulbus,0.0,7.028299743883445e-06,0.0,2.0146677536328963e-14,0.0
Desulfomicrobium,0.0,0.0,0.0,0.0,0.0
Desulfovibrio,0.030725065440310576,0.08928077231654975,5.686361078099743e-16,0.0,0.29100342022068915
Desulfovibrionaceae_unclassified,0.014318187618892052,0.014086843506800662,0.0,0.0,0.033155963099238885
Dialister,0.26920478469511216,0.5960993910594933,0.0014017687233835823,1.8500808404922166e-11,0.9871720271894963
Dickeya,2.7467914970023968e-06,0.0,6.284157981444459e-05,0.0,0.0
Dielma,0.016392741975021486,0.0,4.4251168850564055e-07,0.0,0.008542496754252223
Dolosigranulum,0.0,0.0,0.00026976244279559733,5.497448991803714e-05,0.0
Dorea,0.058201940839374224,0.15504903868028805,0.000711240908907477,0.0,5.474464243994709
Dysgonomonas,0.0,0.0,0.0003955042695604406,0.010016959230918157,0.004519144251855029
Eggerthella,0.018016606986597936,8.478846074052762e-09,0.36917867468954246,0.08023750510651129,0.28154151876977385
Eggerthia,2.7257735574902974e-14,4.920412396562272e-05,2.9167989331594784e-13,0.0002886901381581562,2.6823943965996482e-05
Eikenella,0.0002786514798904812,0.0002423568264134305,0.0,0.0023879079234519567,0.0
Eisenbergiella,0.11154716347702875,0.0,0.00027268950010477807,0.017159303550193395,0.18722240830145195
Elizabethkingia,1.347106104481818e-06,0.0,0.0,2.533476106178375e-07,7.15887846157155e-14
Enhydrobacter,1.3417708688110482e-06,0.0005910482812397435,0.0,9.384309288168845e-05,0.0
Enorma,0.008174762906125359,1.0315010456791594e-15,0.046483067517774604,0.0,0.07158925600102156
Entamoeba,9.457762000971598e-06,0.00017205640263355792,0.0,0.0,9.561320891408697e-07
Enterobacter,5.611169831875134e-12,8.253659461450124e-05,1.397212227550064e-10,1.3645292839118448,1.01065281573395e-11
Enterococcus,0.0,0.0,0.014091129064509605,7.6728044045244905,0.0
Enterorhabdus,1.5302763421756405e-06,0.0,0.001357590319269496,2.5625078723985046e-05,0.014801641902137997
Erwinia,0.0,0.0,0.0,1.6385673181285738e-06,0.0
Erysipelatoclostridium,0.09168067252163722,0.0,0.2805132169088414,1.082237171282187,0.13832379095841754
Erysipelothrix,0.0009038978822375873,0.003741462758233,0.002337128308454398,0.003241999205939303,0.00030965190608233187
Escherichia,0.07162172505115316,0.02476085229016014,0.19199870867831623,20.741233014315874,0.0002874923282319729
Eubacteriaceae_unclassified,7.00473901313482e-06,0.0,0.0,0.0,0.0018018779253362184
Eubacterium,1.0041003326561726,0.9239714793983143,5.106273927011786e-13,0.0,14.43906515833192
Facklamia,0.0,0.0006735141986551161,6.984024736286215e-13,0.0002986987406129286,0.0
Faecalibacterium,3.913371752744265,2.6435078975880084,1.4540214516149532e-08,0.0,16.973871124493186
Faecalicatena,7.292047241733853e-06,0.0,0.0021721682467643415,0.0,0.00172239502375002
Faecalicoccus,0.0019763456809517347,8.16847841564971e-08,0.006224822967317463,0.0,0.028700644602779258
Faecalitalea,3.785135777103313e-05,6.561539512909287e-05,0.00530032435310906,0.0,0.17784548882080775
Filifactor,0.0,1.924344644783202e-05,0.0,2.9959016159714485e-05,0.0005889447697169542
Finegoldia,0.0,0.266676050607497,4.4950780432673986e-05,0.07726907361255583,0.0
Firmicutes_unclassified,0.13078617432291592,0.36127507077612114,1.566380635815258e-14,0.0,3.211431174724317
Flavobacterium,3.1432176803740946e-05,6.145131288595593e-06,0.0,1.8269930499501358e-06,0.0
Flavonifractor,0.7212996492406073,6.923317001112788e-10,0.02865683339100897,0.2634104658398161,0.3139373157552112
Franconibacter,0.0,6.671825030241047e-09,0.0,2.1468107587929046e-05,0.0
Fretibacterium,0.00012139531816400781,0.002034993139361078,0.0,0.001335948427292429,0.0005768413479885269
Frigoribacterium,6.3172305808726724e-06,0.0,0.0,0.0,0.0
Fusicatenibacter,0.13239066763784105,0.015265290309598249,0.0002538478479867673,0.0,6.402118206358758
Fusobacterium,0.2264351032024826,0.03378668509567301,0.0,0.15043382021355997,0.0
Gardnerella,1.3816608689536722e-06,0.07594546951610837,0.0005080460396123975,6.907586756161464e-05,0.00015779522204041496
Gemella,0.00040473345248897424,0.002193067738954033,0.008798801467652604,0.04716830969302696,0.010380859671139839
Gemmiger,0.012800351768023304,0.05034210842799867,0.0024938421057500047,0.0,0.6755641242387868
Gluconobacter,0.0,0.0,2.807292193307991e-10,2.1656106958277477e-06,0.0
Glutamicibacter,0.0,8.190461878564927e-07,0.0,0.0,0.0
Gordonia,0.0,0.0,0.0,1.915445121997366e-05,0.0
Gordonibacter,0.0028475857779078927,7.001547605038689e-12,0.13206840216094387,0.0056888909885980865,0.22358618637943647
Granulicatella,0.00012921721028643217,3.490764913249468e-05,0.0,0.0004227600436987888,7.125448653733539e-06
Haemophilus,0.04252911447858885,0.06439203734500812,0.001499119817474616,0.8768057644878626,0.04201065761362396
Hafnia,0.004994203577733612,0.0032284377808781267,0.0,0.31559077936912416,0.0023891962873024814
Halomonas,6.921006558998176e-06,0.0,0.0,4.569529674009117e-06,9.129062696532721e-16
Harryflintia,0.0036708671519743857,0.0,0.0,0.002454345720113016,0.0015026812771930663
Helicobacter,0.00012348461289906303,0.015714563187881402,4.240025409013109e-05,0.0012099469755957571,1.0105526539432501e-14
Holdemanella,9.641240411155554e-05,0.09607074345104565,0.0026935341593628467,0.0,0.7455743029536092
Holdemania,0.021014342433747963,1.3668890614382663e-05,0.0,0.0,0.022752578669206266
Hungatella,0.052660747309228845,0.0,0.0002852845500509568,0.256865878704309,0.007169044558416725
Hydrogenibacillus,0.0,1.0995273247638205e-06,0.0,0.0,1.0360328215187188e-05
Hydrogenophilus,0.0,8.269629454681299e-05,0.0,0.0,0.0
Intestinibacter,0.002442551645257474,0.0009219826316820871,0.031351975688841724,0.06848623864529962,0.2935106265047088
Intestinimonas,0.12521751713337037,5.4413651131296514e-05,4.810173222124347e-13,0.0,0.028601997454080822
Janibacter,0.0,0.0,0.0,0.0,0.0
Jonquetella,0.0,0.003766244090521463,0.0,8.415346530177498e-05,0.0
Kingella,0.0,0.0,0.0,2.1685890270841266e-05,0.0
Klebsiella,0.0,1.1914014796221658e-05,3.5573429951223195e-16,10.416888021213914,0.0
Kluyvera,7.166795572881138e-05,0.0013798900211400155,6.797385044240004e-14,0.02022780881495632,0.00012749830526456358
Kocuria,4.614924328589275e-05,4.379262243646163e-12,0.0,0.007796418628309613,0.0
Kosakonia,1.2955869745763298e-05,1.8935578215031183e-09,0.0,0.00897754249403614,0.0017302019481529542
Kurthia,0.0,9.769309369482832e-06,0.0,0.0,0.0
Kytococcus,0.0,7.578581874449127e-06,0.0,0.0,0.0
Lachnoanaerobaculum,7.65604143601023e-07,8.202640192244107e-05,0.0,0.0009193427837543733,0.0
Lachnoclostridium,0.49091605670417204,5.308605312325132e-13,3.7700323878651864e-11,0.6929993940679724,0.1290632833745155
Lachnospira,0.8656916926720207,0.37452124182762586,2.7374748109793333e-11,0.0,1.799607391014664
Lachnospiraceae_unclassified,0.5100992744627512,1.166898041677749,0.0,0.0,11.052935065047395
Lactobacillus,0.0015317893847513174,0.12201752304559656,3.0888536367315833,0.4778579231659973,0.041301475781854516
Lactococcus,2.5942039406291964e-09,0.00037525526271844814,0.013533994805298093,0.32913081655761733,0.07511872595282783
Lactonifactor,0.0007550533426862643,2.1455689315546386e-15,2.0951909392306212e-11,0.0,0.0019968608562856605
Lautropia,7.893950554692106e-15,6.407330265388944e-05,4.047596647044322e-06,0.009658642788350666,1.2638867308322417e-08
Lawsonella,0.0,0.004148494234969712,5.673604086112569e-05,0.0063783835299625015,0.001521377240043852
Lawsonibacter,0.11356050429131992,0.0026656549056144497,0.0,0.0,0.08093016473983589
Leclercia,0.0,0.0,0.0,0.06805478938148911,0.0
Leptotrichia,0.0,0.0001283107520273529,0.0,0.0005609679167158569,0.0
Leucobacter,2.2160259029945565e-13,0.0,0.0,5.512847469748636e-06,3.1698064469283446e-09
Leuconostoc,8.792133185916098e-07,0.00560177348487581,0.00447834943342474,0.008016256925087997,0.016964375144247406
Limnochorda,8.199075192674318e-06,3.1477753454278145e-14,0.0,0.0,1.3559042568705846e-05
Listeria,0.0,0.0,0.0,0.0,0.0
Lysinibacillus,0.0,0.0,0.0,0.0023567721694934076,0.0
Macrococcus,8.18213388490801e-06,0.0,0.0,1.7486327343930223e-06,8.999072488866865e-07
Mageeibacillus,3.982106617137437e-16,0.0012559016935607783,0.0,0.0,7.515640603424931e-05
Malassezia,0.0,0.0,0.0,0.02204517526611579,0.0
Marvinbryantia,8.863280208750641e-05,0.0,0.0,0.0,0.0003543591669044576
Massilia,0.0,0.0,0.0,0.0,1.0671554855996003e-06
Massiliomicrobiota,0.0006970754777404778,0.0,4.3369428427326344e-13,0.0,0.007271808333821663
Megamonas,0.2542104608463859,0.19703722918432084,0.005183680795422548,7.843497893827574e-05,0.03931395782259491
Megasphaera,0.07185771131376292,0.30831793510191713,0.20540071746243455,0.03675817793562226,0.002615493305645416
Melaminivora,0.0,2.451564543692982e-05,0.0,0.0,0.0
Melissococcus,3.6937874142774367e-07,1.265872821558306e-05,1.0070148107057104e-06,1.3375462119722845e-10,2.2166123754696005e-15
Metakosakonia,0.0,0.0,0.0002570032072807071,0.0017719579018140607,0.0
Methanobrevibacter,8.238987597711618e-13,0.0006382052979509706,6.166495603272173e-11,4.771455911652483e-16,1.9511640518478806
Methanomassiliicoccus,0.012524969588885103,0.0,0.0,0.0,0.010198667599583752
Methanosphaera,0.0,4.674391279064332e-05,6.82920020586073e-15,7.584334251006725e-15,0.07503849818516099
Methylobacterium,0.0,0.0,0.0001971128041601863,7.392530115526264e-05,0.0
Micrococcus,2.3964016758302387e-06,0.0001731134668142537,0.0,0.0019867075752265963,0.0
Microlunatus,0.0,1.4393782367947508e-07,0.0,0.0,0.0
Microvirgula,0.0,0.0,0.0,0.004812585218325577,0.0
Mitsuokella,0.015454144864975991,0.4622385475408887,6.535186930223629e-15,0.0,0.017725816259131378
Mixta,0.0,0.0,0.0,0.03168491361408969,0.0
Mobiluncus,0.0,0.00037662031825473684,4.633135082428518e-12,0.0,2.5722548327366857e-12
Moellerella,0.0,0.0,0.0,0.0,0.00011966318202756054
Mogibacterium,2.0149137195396197e-05,0.000358021575415994,0.0015506437678055628,0.0035588707873487574,0.005084509542527753
Monoglobus,0.013075936606514543,0.0,0.0,0.0,0.2579188464673346
Moraxella,1.4162830034159627e-05,0.0008331801657860359,0.0,0.0006374000799817483,0.0
Morganella,8.153450681312073e-09,0.0,5.97987697551655e-12,0.0932917684773993,1.8207127111207808e-09
Morococcus,2.0236376964947866e-06,1.7021759715931862e-05,0.0,2.235508937845007e-05,0.0
Muribaculaceae_unclassified,0.0,0.0,0.0,0.0,5.74742406852652e-05
Muribaculum,9.741002617185344e-07,0.0,0.0,0.0,0.0030762805636066815
Murimonas,0.0005772327354590826,0.0,4.119591491778992e-05,0.0,1.0198545251164023e-06
Mycobacterium,9.530899072099705e-05,0.0,0.0,0.0,0.0
Mycobacteroides,0.0,0.0,0.0,0.0035658959395509426,0.0
Mycolicibacterium,0.0,0.0,0.0,0.0009230798449696634,0.0
Mycoplasma,6.178305929515707e-05,0.00024705025272465047,0.0,0.0002913225368406534,4.922373202966042e-13
Negativicoccus,0.0,0.019119519795697107,0.0004549622539142887,0.023399763367905013,0.0
Neisseria,0.00042321809062859735,0.0006076797545358538,0.0008931249369332584,0.034016290913122686,0.0
Obesumbacterium,0.0,0.0,0.0,0.0,0.0
Ochrobactrum,0.0,0.0,1.4143683746935489e-09,1.76730877400555e-05,0.0
Odoribacter,1.1405391064825516,0.15142192586924197,0.0,0.0,0.2126886308545222
Olsenella,4.0724862074640945e-06,0.004915001906330241,0.0776033207491525,0.0,0.01964087384758267
Oribacterium,1.3716239314999587e-07,1.6798512713059638e-05,4.980364069587498e-13,0.0012689866837185032,0.00018673198887281738
Oscillibacter,0.4472818494524756,0.6137304063349202,8.66079045458044e-15,0.0,1.9499467505112256
Ottowia,0.0,1.2639924600449308e-05,0.0,5.553971671662773e-06,0.0
Oxalobacter,0.007286911406746417,0.0002791572342488332,0.0,2.9705055285787027e-05,0.01957593357060065
Paenibacillus,0.002053113939512209,0.0,2.962314909216184e-09,0.001535412193402869,1.8794601904223378e-13
Paeniclostridium,0.0,4.938694080366404e-10,2.8137206146684894e-16,0.006162012590432627,9.41991790771341e-05
Pantoea,0.0,0.0,0.0,0.013808899899323945,0.0
Parabacteroides,7.619175842709319,0.3238866014158766,0.00023699188779417645,1.1761733445096908e-14,0.15877935968289794
Paraclostridium,0.0,0.0,5.986714545929299e-08,0.0007769846642435087,0.0
Paracoccus,0.0,0.0,0.0,3.972908717449198e-05,0.0
Paraprevotella,0.38354804919976915,0.14789765454074286,0.0,0.0,0.07445865652132726
Pararheinheimera,7.183655584536465e-07,0.0,0.0,0.0,0.0
Parascardovia,0.0,0.0,0.0006926124211553104,0.0011691280468731694,5.954884401660308e-05
Parasutterella,0.5664827491282816,0.016262172455325574,0.0,0.0,0.04797833978328693
Parvimonas,0.0002160032447045587,0.03488019811478021,5.374954508342702e-16,0.003059642665716966,0.025999139242642653
Pasteurella,0.0,0.0,0.0,1.5320620432783585e-05,3.252040299210571e-06
Pectobacterium,0.0,0.0,0.0,0.0,0.0
Pediococcus,2.8399804747010896e-16,5.588412376853175e-15,0.06219437479340125,0.0053874448246884026,3.462685851675191e-05
Peptoanaerobacter,0.0,0.0,0.0,4.129854197158478e-05,6.629277305424965e-05
Peptococcus,0.0005199206529634761,0.001985264769432136,0.0018030067198890538,0.0005741764167584683,0.0010083870010256968
Peptoniphilus,9.062361695807337e-09,0.1758466686098504,0.0008529423998921565,0.018443420845390166,3.568397535521942e-08
Peptostreptococcaceae_unclassified,0.00014281212294424856,5.498860306833897e-05,0.0002185442244018597,1.0887986588120107e-09,0.0
Peptostreptococcus,1.3378677483977067e-05,0.025148875581936136,0.0028081796574460287,0.02981585437562642,0.012705481538118752
Phascolarctobacterium,0.5118083142439952,1.6811867001471417,0.0,0.0,1.1231261896806282
Photobacterium,0.0,0.0011239005838835638,0.0,0.0,0.0
Phytobacter,0.0,0.0,1.0359825878611846e-11,0.0017869053952066728,0.0
Plesiomonas,0.0,0.0004229893242515238,0.0,0.008362857952553385,0.0
Pluralibacter,0.0,0.0,0.0,0.010237562209090363,0.0
Porphyromonas,0.0009522030635954228,0.3006237568261464,0.0,0.00926212665940362,0.0030443974014006388
Prevotella,3.559110200543463e-15,61.569027623971486,0.0,0.0,0.0
Propionibacterium,1.2027645259002341e-05,1.9944250458751837e-06,0.0008892888618380136,3.379948377945121e-05,0.006797964330299433
Propionimicrobium,0.0,0.0,0.00011310784571264174,3.2091512389744344e-05,0.0
Proteobacteria_unclassified,0.4209612707131982,0.0076705516998668176,6.41447137655574e-13,0.0,0.0136136000345256
Proteus,0.0,0.0,2.303994756584827e-13,0.21850808550380765,0.0
Providencia,5.860779754765244e-05,0.0,0.0,0.001621757260780342,0.0
Pseudescherichia,0.0,0.0,0.0,0.00014532870966544912,3.5414384116818926e-06
Pseudoflavonifractor,0.013505767377059606,0.0,2.208050554968957e-08,0.0015619136496300568,0.017723238270711556
Pseudomonas,1.8870818838629837e-08,4.5627522928388395e-07,0.0,0.288951816033881,1.7333237836228648e-08
Pseudopropionibacterium,0.0,0.0,1.0386783775233265e-05,0.0007669823546790157,3.0284464279492805e-06
Pseudoramibacter,1.5389808899076696e-05,7.26284319585206e-08,0.00044541279225113233,6.596492583272473e-05,2.1444376710072628e-05
Psychrobacter,0.0,0.0,0.0,0.0,1.899707209738951e-06
Pyramidobacter,0.0034041170599959053,7.574108437155487e-05,0.0,0.06299773647458827,2.8951651425046176e-06
Ralstonia,0.0002837320294263738,9.229245939141082e-05,7.162210928357238e-05,0.005052537492585301,0.0
Raoultella,6.039254465399057e-05,0.0003219063309316236,0.0,0.196206803731441,1.5423560669078151e-09
Rhizobium,0.0,0.0,0.0,0.0,3.5404905821878323e-06
Rhodococcus,0.0,2.232684418599329e-05,7.334313300744872e-05,0.0005388672812625239,3.1117964996978966e-05
Rikenella,4.9520775759044114e-05,0.0,0.0,1.7107239989003999e-10,0.015005922331029613
Robinsoniella,0.0,0.0,7.357186674379768e-05,0.002106386347578842,3.369660299126958e-16
Romboutsia,2.6169701215776104e-06,0.0002173558824054519,0.001073949265365363,9.672407706880885e-05,0.011981854051481564
Roseburia,2.2279327535428157,1.251008670830954,0.0,0.0,14.00863421038853
Roseomonas,0.0,0.0,0.0,2.8629101120228866e-05,0.0
Rothia,1.2645267509656e-05,0.0027380407230584744,0.009406524364024367,0.060740905279388864,0.00762446877228727
Ruminococcaceae_unclassified,0.7393979849553972,0.028297172156287187,0.0,0.0,2.7567339277146914
Ruminococcus,0.14901763321801292,0.08578625076500163,1.222350875511911e-12,0.0,15.358475436670163
Ruthenibacterium,0.3483748533343527,2.563236885470724e-06,0.044860006637002105,0.01024900859403098,0.5452603876870155
Saccharomyces,0.00014845436514795895,0.00019542355172186846,1.1532678910212264e-05,0.0015584997417537837,0.0007892207418420848
Salmonella,2.5204764196348103e-05,1.9676202449886302e-08,9.246416014540948e-05,2.7884001999599046e-12,6.734548274941508e-05
Sanguibacteroides,0.003103795131416087,0.0021050941562106005,0.0,0.0,0.005571117245087868
Scardovia,3.4094323666060874e-05,0.0,0.003868620249137805,0.0056899672318543,9.350748996058867e-05
Selenomonas,0.00023882050692923537,0.00034210915324983426,0.0,0.0011061925160344697,2.5848370878837476e-16
Sellimonas,0.02103205214073417,1.1739740387171572e-10,0.09383065735426238,0.015883155009443362,0.07673403256850661
Serratia,0.0,0.0,0.0,0.2374446056849169,0.0
Sharpea,2.803648855930251e-07,0.00017732291174240797,0.0002325985941531621,0.0,0.0020623741835488186
Shewanella,0.0,0.0,4.359167625432311e-12,0.001407940924558969,0.0
Shuttleworthia,4.5721395007351086e-05,0.0,0.0,6.04109333899336e-05,3.344679050818057e-05
Slackia,4.883182775138196e-07,0.06927033817180168,0.09939764213654588,2.3228313439001002e-08,0.3314868845962371
Sneathia,7.428304294921414e-05,0.006024205074699961,0.0,0.001760366457843146,5.504555230928458e-07
Solobacterium,0.0005714673354273246,0.00948656306838458,5.8007522531475036e-15,0.004799229572138067,0.0041827969102663926
Sphingobacterium,0.0,0.00043374651876518667,0.0,0.0,0.0
Sphingobium,7.054754395389815e-16,0.0,7.182983501203315e-14,6.317035421063531e-06,3.3586731135556514e-06
Sphingomonas,0.0,0.0,0.0,0.00028552525882127985,5.6589398464589533e-05
Sphingopyxis,0.0,1.9254574061011394e-06,0.0,3.557037799067412e-05,0.0
Sporanaerobacter,1.2082851868036447e-06,0.0,5.836886517792073e-05,0.0,8.4596996055133e-08
Staphylococcus,0.0,0.0,0.07261570216421066,4.481995000927673,0.0
Stenotrophomonas,0.0,0.14056374374683972,0.0,0.0027374340280919944,0.0
Stomatobaculum,0.0,5.2996611008812086e-09,0.0,0.0008663240673297603,1.6825266311090414e-06
Streptococcus,0.00019042265229101278,0.03908944747145965,1.043709312796056,7.241702115316733,1.3211617845526082
Streptomyces,0.0,0.0,2.8919349733788045e-06,6.7249819789422755e-06,3.2699770594683366e-05
Subdoligranulum,7.249249696033887e-09,0.0,0.0,0.0,5.765176554883279e-05
Succinatimonas,0.006087497755581409,0.004415724697786879,0.0,0.0,3.1358922678180834e-16
Superficieibacter,0.0,0.0,8.275704318508797e-11,0.00036597541455402944,0.0
Tannerella,0.0,0.0,0.0,0.00030103220719193653,0.0001372834998271122
Tepidiphilus,0.0,5.352035098402277e-05,0.0,0.0,0.0
Terrisporobacter,3.429268128163533e-05,0.0,0.0,0.01462750306638318,0.00011649052149403699
Tetragenococcus,0.0,0.0,1.8146053196140396e-05,3.883803676195667e-06,6.9577240292480844e-12
Thermoleophilum,4.2295906470710895e-06,2.0887170355173953e-07,0.0,0.0,9.451316872200455e-06
Tissierellia_unclassified,5.324875757102166e-15,0.062398157007981986,0.0,0.0,1.2120693885489266e-12
Treponema,0.0,0.1213766476963167,0.0,0.0,2.21837040236801e-07
Tropheryma,6.0084054653867304e-06,6.840604851167575e-06,0.00015075529835694644,0.0,1.4557214681739495e-06
Trueperella,0.0,0.000456627289227373,0.0009101542700928779,0.0,0.0
Turicibacter,0.000251007979348167,0.0008627527038675534,0.015167788282447685,0.014601449449850092,0.1314216689149395
Turicimonas,0.049396015034800275,0.001311820935790116,0.0,0.0,0.0016506571374603153
Tyzzerella,0.013768622070420632,0.0,0.0018676531173470914,0.019574276897374805,0.01441934705265476
Ureaplasma,0.0,0.004370133502446693,0.00013578885474782243,0.003745079691504331,0.0
Vagococcus,0.0,4.0023942651395567e-05,0.0,0.0,1.1958181719457748e-06
Varibaculum,0.0,0.0033735509100722783,0.004924602263130968,0.011396254423831496,0.0
Variovorax,0.0,8.91337520006179e-05,3.923118087022357e-05,2.7361960875106744e-05,0.0
Veillonella,0.0718018957440666,0.00826248761286998,0.13800631591058668,5.109126009611806,0.000375776137547602
Veillonellaceae_unclassified,6.33720938607608e-05,0.0007627422964753813,2.909749214293142e-09,6.098535812532127e-08,9.340623697110119e-07
Vibrio,0.0,0.0,0.0,0.07566824088690552,0.0
Victivallis,0.0022110583260870685,0.022954404569240208,0.0,3.79656961650165e-14,0.05734951154371639
Vogesella,0.0,4.427147554917408e-07,0.0,0.0,0.0
Weissella,4.831312033815782e-16,0.008354898592582056,0.019401657511907033,0.024833705073670127,0.005997171047248334
Wohlfahrtiimonas,1.6247215871681206e-05,0.0,0.0,0.0,0.0
Xanthomonadaceae_unclassified,0.0,1.0293248119709313e-05,2.3259987084727317e-07,3.0348667049554076e-05,0.0
Yersinia,7.67262273130102e-05,0.0,0.000169444300416241,0.0,7.54936252395119e-07
Yokenella,0.0,0.0,0.0,8.607786158647856e-09,6.434201777351315e-05
Acetivibrio,2.0380821400508597e-06,3.7160968239599665e-06,0.0,0.0,0.0
Acetomicrobium,0.0,0.0,0.0,0.0,0.0
Acholeplasma,0.0,0.0,0.0,0.0,0.0
Achromobacter,4.2029404054383655e-16,0.0,0.00019621692347008017,0.006583369353189995,2.653207741898275e-12
Agrobacterium,0.0,0.0,0.0,1.0145728757867242e-05,0.0
Alkalibacterium,0.0,0.0,0.0,0.0,3.81536938089859e-06
Anaerobacillus,0.0,0.0001247599517805797,3.573222238873546e-08,0.0,0.0
Aneurinibacillus,0.0,1.4700481524055184e-05,2.314104027552431e-05,0.0,0.0
Aspergillus,0.0,0.0,0.0,1.5774062496546687e-05,0.0
Avibacterium,2.1585667798772003e-06,0.0,0.0,0.0,2.976089886441977e-11
Candidatus_Methanomethylophilus,0.0002631516864004643,0.0,1.1201289566078433e-12,0.0,0.0006132926350102427
Chroococcidiopsis,0.0,3.727797921342179e-13,1.5393218238312113e-06,0.0,0.0
Coprothermobacter,0.0,0.0,0.0,0.0,1.2636346182691487e-05
Cryptosporidium,0.0,0.0,7.243794150748573e-05,0.0004915255733571313,0.0
Cupriavidus,0.0,0.2633494368182112,0.0,0.0,0.0
Faecalibaculum,0.0,1.0821051133967818e-06,0.0,0.0,0.0
Geobacillus,5.84203789924057e-06,0.0,2.6263157940020922e-06,2.6092072589249014e-16,4.399289964050368e-06
Ileibacterium,1.9282836832699016e-06,0.0,0.0,0.0,0.0
Jeotgalibacillus,0.0,0.0,0.0,0.0,0.0
Kerstersia,7.88584736138563e-09,0.0,0.0,0.0,2.7080197309749297e-05
Kouleothrix,2.0683816419651806e-08,0.0,0.0,0.0,3.975100702179333e-06
Laribacter,0.0,5.4885595893360435e-06,0.0,0.0,0.0
Mediterranea,0.0,0.0,0.0,0.0,2.0110560070569175e-05
Meiothermus,3.5965893235076683e-06,0.0,0.0,4.125992024923614e-11,0.0
Methanobacterium,1.8266641325847638e-11,0.0,0.0,0.0,3.5813396991806717e-06
Methanomassiliicoccales_unclassified,0.0,0.0,3.859454978263726e-16,0.00016450415169682066,2.1680916687790487e-06
Methylorubrum,0.0,0.0,2.181196670804851e-06,0.0,0.0
Microbacterium,0.0,1.2325187747058106e-14,0.0,1.9133534586409694e-06,1.5049100819495486e-05
Mucispirillum,0.0,0.0,0.0,0.0,0.0
Nocardia,0.0,0.0,0.0,5.166739256699937e-06,0.0
Oenococcus,0.0,0.0,3.256171565852322e-06,0.0,3.219085973141703e-11
Oligella,0.0,0.0,0.0,9.097099338896513e-05,0.0
Paludisphaera,9.087943023056231e-07,0.0,0.0,0.0,1.6727766828235915e-06
Pedobacter,1.5243936301129558e-07,0.0,0.0,0.00012605348616607343,0.0
Phyllobacterium,0.0,3.872015675045685e-06,0.0,1.760217407926998e-06,0.0
Pseudocitrobacter,1.0096795095607835e-05,2.7173082411702407e-05,0.0,5.0625463500232595e-06,0.0
Pseudoglutamicibacter,0.0,0.00438328232514221,0.0,0.0,0.0
Pseudonocardia,0.0,0.0,0.0,0.0,0.0
Salipiger,0.0,1.2308854394443977e-06,0.0,0.0,0.0
Schwartzia,0.0,0.0,0.0,0.0,0.0
Siccibacter,0.0,0.0,0.0,0.0,0.0
Solibacillus,0.0,0.0,5.4319354085736825e-05,0.0,1.9377971351282636e-05
Sporosarcina,0.0,3.0635891427682644e-06,1.4690629916541853e-06,4.657347823491404e-09,0.0
Synergistes,1.442080436684515e-05,3.7004771706682056e-06,0.0,7.317055607219804e-08,1.1566996080120034e-15
Tatumella,0.0,1.1795363286555962e-05,0.0,0.0,0.0
Trichococcus,0.0,0.0,0.0,0.0,0.0
Virgibacillus,0.0,3.053908038683857e-05,0.0,0.0,0.0
Zymomonas,0.0,0.0026708714437850387,0.0,0.0,0.0
Acetatifactor,4.3321255776586687e-07,0.0,0.0,0.0,0.0
Bacillaceae_unclassified,0.0,0.0,0.0,0.0,0.0
Blastomonas,0.0,0.0,1.7897677170474697e-06,0.0,0.0
Cedecea,0.0,0.0,0.0,1.2935565139774478e-06,0.0
Cellulosimicrobium,0.0,0.0,2.2159310770546584e-11,9.43439986234431e-06,0.0
Chlorogloea,0.0,5.707652267210683e-07,0.0,0.0,0.0
Edwardsiella,0.0,6.813004575211748e-05,0.0,0.003027163257267493,0.0
Empedobacter,0.0,0.0,8.628172789082592e-06,0.0,0.0
Frischella,0.0,0.00021580290007928055,0.0,0.0,0.0
Gilliamella,0.0,7.096208216677809e-05,0.0,0.0,0.0
Hydrogenoanaerobacterium,0.0,0.0,1.226570940976352e-05,0.0,0.0
Lawsonia,0.0,0.0,0.0,0.0,0.0
Leishmania,1.0748065014034192e-06,0.0,0.0,0.0,0.0
Mesorhizobium,0.0,0.0,0.00023071970656572314,0.0005352182731990853,0.0
Nocardiopsis,0.0,0.0,0.0,0.0,0.0
Prauserella,0.0,0.0,0.0,0.0,0.0
Prolinoborus,0.0,0.0,0.0,0.0,0.0
Pseudoalteromonas,0.0,0.0,0.0,2.9307178629478125e-06,0.0
Psychrobacillus,0.0,0.0,5.488242790048315e-13,0.0,0.0005795994981053542
Pyrococcus,9.484592194803263e-06,0.0,0.0,0.0,0.0
Sarcina,0.0,1.4419454635517454e-05,0.0,0.0,0.0
Xanthomonas,3.345365758102409e-07,0.0,0.0,0.0,2.9475377463807547e-16
Aerococcaceae_unclassified,0.0,0.0,0.0,0.0,0.0
Alkaliphilus,4.527455578807507e-05,6.986588001407989e-06,2.3282371528041393e-10,0.0,0.0
Amycolatopsis,0.0,0.0,0.0,0.0,0.0
Buttiauxella,0.0,0.0,0.0,0.0,0.0
Desulfotomaculum,1.877683087316906e-05,0.0,0.0,0.0,0.0
Dolosicoccus,0.0,0.0,0.0,0.0,0.0
Ensifer,0.0,0.0,0.0,1.6432176291147265e-09,0.0
Eremococcus,0.0,2.9155828994546373e-06,0.0,0.0,9.80064465171049e-11
Ewingella,0.0,0.0,0.0,0.0,0.0
Globicatella,0.0,0.0,0.0,0.0,0.0
Lelliottia,0.0,0.0,0.0,1.5179445458726036e-05,2.0992499336961852e-14
Pelistega,0.0,0.0,0.0,0.0,0.0
Rahnella,0.0,8.048961402072395e-06,0.0,0.0,0.0
Rickettsia,0.0,0.0,0.0,0.0,0.0
Rodentibacter,1.178996908912473e-06,0.0,0.0,0.0,0.0
Sediminibacterium,1.935915562831566e-06,0.0,0.0,0.0,0.0
Sodalis,0.0,0.0,0.0,0.0,0.0
Thermus,1.047982260300511e-06,0.0,0.0,4.2977048363040844e-15,0.0
Tychonema,0.0,0.0,0.0,0.0,0.0
