Superclass1	Superclass2	pathway
1CMET2-PWY	Biosynthesis	Cofactor, Carrier, and Vitamin Biosynthesis	folate transformations III (E. coli)
3-HYDROXYPHENYLACETATE-DEGRADATION-PWY	Degradation/Utilization/Assimilation	Aromatic Compound Degradation	4-hydroxyphenylacetate degradation
4-HYDROXYMANDELATE-DEGRADATION-PWY	Degradation/Utilization/Assimilation	Aromatic Compound Degradation	4-hydroxymandelate degradation
7ALPHADEHYDROX-PWY	Biosynthesis	Secondary Metabolite Biosynthesis	cholate degradation (bacteria, anaerobic)
AEROBACTINSYN-PWY	Biosynthesis	Secondary Metabolite Biosynthesis	aerobactin biosynthesis
ALL-CHORISMATE-PWY	Biosynthesis	Aromatic Compound Biosynthesis	superpathway of chorismate metabolism
ALLANTOINDEG-PWY	Degradation/Utilization/Assimilation	Amide, Amidine, Amine, and Polyamine Degradation	superpathway of allantoin degradation in yeast
ANAEROFRUCAT-PWY	Generation of Precursor Metabolites and Energy	Fermentation	homolactic fermentation
ANAGLYCOLYSIS-PWY	Generation of Precursor Metabolites and Energy	Glycolysis	glycolysis III (from glucose)
ARG+POLYAMINE-SYN	Biosynthesis	Amide, Amidine, Amine, and Polyamine Biosynthesis	superpathway of arginine and polyamine biosynthesis
ARGDEG-PWY	Degradation/Utilization/Assimilation	Amino Acid Degradation	superpathway of L-arginine, putrescine, and 4-aminobutanoate degradation
ARGININE-SYN4-PWY	Biosynthesis	Amino Acid Biosynthesis	L-ornithine biosynthesis II
ARGORNPROST-PWY	Metabolite Activation/Inactivation/Interconversion	Metabolite Interconversion	arginine, ornithine and proline interconversion
ARGSYN-PWY	Biosynthesis	Amino Acid Biosynthesis	L-arginine biosynthesis I (via L-ornithine)
ARGSYNBSUB-PWY	Biosynthesis	Amino Acid Biosynthesis	L-arginine biosynthesis II (acetyl cycle)
ARO-PWY	Biosynthesis	Carboxylic Acid Biosynthesis	chorismate biosynthesis I
ASPASN-PWY	Biosynthesis	Amino Acid Biosynthesis	superpathway of L-aspartate and L-asparagine biosynthesis
AST-PWY	Degradation/Utilization/Assimilation	Amino Acid Degradation	L-arginine degradation II (AST pathway)
BIOTIN-BIOSYNTHESIS-PWY	Biosynthesis	Cofactor, Carrier, and Vitamin Biosynthesis	biotin biosynthesis I
BRANCHED-CHAIN-AA-SYN-PWY	Biosynthesis	Amino Acid Biosynthesis	superpathway of branched chain amino acid biosynthesis
CALVIN-PWY	Biosynthesis&&Degradation/Utilization/Assimilation	Carbohydrate Biosynthesis&&C1 Compound Utilization and Assimilation	Calvin-Benson-Bassham cycle
CATECHOL-ORTHO-CLEAVAGE-PWY	Degradation/Utilization/Assimilation	Aromatic Compound Degradation	catechol degradation to &beta;-ketoadipate
CENTFERM-PWY	Generation of Precursor Metabolites and Energy	Fermentation	pyruvate fermentation to butanoate
CHLOROPHYLL-SYN	Biosynthesis	Tetrapyrrole Biosynthesis&&Secondary Metabolite Biosynthesis	3,8-divinyl-chlorophyllide a biosynthesis I (aerobic, light-dependent)
CITRULBIO-PWY	Biosynthesis	Amino Acid Biosynthesis	L-citrulline biosynthesis
COA-PWY	Biosynthesis	Cofactor, Carrier, and Vitamin Biosynthesis	coenzyme A biosynthesis I (prokaryotic)
COA-PWY-1	Biosynthesis	Cofactor, Carrier, and Vitamin Biosynthesis	superpathway of coenzyme A biosynthesis III (mammals)
COBALSYN-PWY	Biosynthesis	Cofactor, Carrier, and Vitamin Biosynthesis	superpathway of adenosylcobalamin salvage from cobinamide I
CODH-PWY	Degradation/Utilization/Assimilation	C1 Compound Utilization and Assimilation	reductive acetyl coenzyme A pathway I (homoacetogenic bacteria)
COLANSYN-PWY	Biosynthesis	Carbohydrate Biosynthesis	colanic acid building blocks biosynthesis
COMPLETE-ARO-PWY	Biosynthesis	Amino Acid Biosynthesis	superpathway of aromatic amino acid biosynthesis
CRNFORCAT-PWY	Degradation/Utilization/Assimilation	Amide, Amidine, Amine, and Polyamine Degradation	creatinine degradation I
DAPLYSINESYN-PWY	Biosynthesis	Amino Acid Biosynthesis	L-lysine biosynthesis I
DENITRIFICATION-PWY	Degradation/Utilization/Assimilation&&Generation of Precursor Metabolites and Energy	Inorganic Nutrient Metabolism&&Respiration	nitrate reduction I (denitrification)
DENOVOPURINE2-PWY	Biosynthesis	Nucleoside and Nucleotide Biosynthesis	superpathway of purine nucleotides de novo biosynthesis II
DHGLUCONATE-PYR-CAT-PWY	Degradation/Utilization/Assimilation	Carbohydrate Degradation	glucose degradation (oxidative)
DTDPRHAMSYN-PWY	Biosynthesis	Carbohydrate Biosynthesis	dTDP-&beta;-L-rhamnose biosynthesis
ECASYN-PWY	Biosynthesis	Carbohydrate Biosynthesis	enterobacterial common antigen biosynthesis
ENTBACSYN-PWY	Biosynthesis	Secondary Metabolite Biosynthesis	enterobactin biosynthesis
FAO-PWY	Degradation/Utilization/Assimilation	Fatty Acid and Lipid Degradation	fatty acid &beta;-oxidation I (generic)
FASYN-ELONG-PWY	Biosynthesis	Fatty Acid and Lipid Biosynthesis	fatty acid elongation -- saturated
FASYN-INITIAL-PWY	Biosynthesis	Fatty Acid and Lipid Biosynthesis	superpathway of fatty acid biosynthesis initiation (E. coli)
FERMENTATION-PWY	Generation of Precursor Metabolites and Energy	Fermentation	mixed acid fermentation
FOLSYN-PWY	Biosynthesis	Cofactor, Carrier, and Vitamin Biosynthesis	superpathway of tetrahydrofolate biosynthesis and salvage
FUC-RHAMCAT-PWY	Biosynthesis	Carbohydrate Biosynthesis	superpathway of fucose and rhamnose degradation
FUCCAT-PWY	Degradation/Utilization/Assimilation	Carbohydrate Degradation	fucose degradation
GALACT-GLUCUROCAT-PWY	Biosynthesis	Carbohydrate Biosynthesis	superpathway of hexuronide and hexuronate degradation
GALACTARDEG-PWY	Degradation/Utilization/Assimilation	Carboxylic Acid Degradation	D-galactarate degradation I
GALACTUROCAT-PWY	Degradation/Utilization/Assimilation	Carboxylic Acid Degradation&&Carbohydrate Degradation	D-galacturonate degradation I
GALLATE-DEGRADATION-I-PWY	Degradation/Utilization/Assimilation	Aromatic Compound Degradation	gallate degradation II
GALLATE-DEGRADATION-II-PWY	Degradation/Utilization/Assimilation	Aromatic Compound Degradation	gallate degradation I
GLCMANNANAUT-PWY	Degradation/Utilization/Assimilation	Amide, Amidine, Amine, and Polyamine Degradation	superpathway of N-acetylglucosamine, N-acetylmannosamine and N-acetylneuraminate degradation
GLUCARDEG-PWY	Degradation/Utilization/Assimilation	Carboxylic Acid Degradation	D-glucarate degradation I
GLUCARGALACTSUPER-PWY	Biosynthesis	Carbohydrate Biosynthesis	superpathway of D-glucarate and D-galactarate degradation
GLUCONEO-PWY	Biosynthesis	Carbohydrate Biosynthesis	gluconeogenesis I
GLUCOSE1PMETAB-PWY	Degradation/Utilization/Assimilation	Carbohydrate Degradation	glucose and glucose-1-phosphate degradation
GLUCUROCAT-PWY	Degradation/Utilization/Assimilation	Carboxylic Acid Degradation&&Carbohydrate Degradation	superpathway of &beta;-D-glucuronosides degradation
GLUDEG-I-PWY	Degradation/Utilization/Assimilation	Amide, Amidine, Amine, and Polyamine Degradation&&Amino Acid Degradation	GABA shunt
GLUDEG-II-PWY	Degradation/Utilization/Assimilation&&Generation of Precursor Metabolites and Energy	Amino Acid Degradation&&Fermentation	L-glutamate degradation VII (to butanoate)
GLUTORN-PWY	Biosynthesis	Amino Acid Biosynthesis	L-ornithine biosynthesis I
GLYCOCAT-PWY	Degradation/Utilization/Assimilation&&Glycan Pathways	Carbohydrate Degradation&&Polymeric Compound Degradation	glycogen degradation I
GLYCOGENSYNTH-PWY	Biosynthesis	Carbohydrate Biosynthesis	glycogen biosynthesis I (from ADP-D-Glucose)
GLYCOL-GLYOXDEG-PWY	Degradation/Utilization/Assimilation	Alcohol Degradation	superpathway of glycol metabolism and degradation
GLYCOLYSIS	Generation of Precursor Metabolites and Energy	Glycolysis	glycolysis I (from glucose 6-phosphate)
GLYCOLYSIS-E-D	Generation of Precursor Metabolites and Energy	NA	superpathway of glycolysis and the Entner-Doudoroff pathway
GLYCOLYSIS-TCA-GLYOX-BYPASS	Generation of Precursor Metabolites and Energy	NA	superpathway of glycolysis, pyruvate dehydrogenase, TCA, and glyoxylate bypass
GLYOXYLATE-BYPASS	Generation of Precursor Metabolites and Energy	NA	glyoxylate cycle
GOLPDLCAT-PWY	Degradation/Utilization/Assimilation	Alcohol Degradation&&Carbohydrate Degradation	superpathway of glycerol degradation to 1,3-propanediol
HCAMHPDEG-PWY	Degradation/Utilization/Assimilation	Aromatic Compound Degradation	3-phenylpropanoate and 3-(3-hydroxyphenyl)propanoate degradation to 2-hydroxypentadienoate
HEME-BIOSYNTHESIS-II	Biosynthesis	Cofactor, Carrier, and Vitamin Biosynthesis&&Tetrapyrrole Biosynthesis	heme b biosynthesis I (aerobic)
HEMESYN2-PWY	Biosynthesis	Cofactor, Carrier, and Vitamin Biosynthesis&&Tetrapyrrole Biosynthesis	heme b biosynthesis II (oxygen-independent)
HEXITOLDEGSUPER-PWY	Degradation/Utilization/Assimilation	Carbohydrate Degradation&&Alcohol Degradation	superpathway of hexitol degradation (bacteria)
HISDEG-PWY	Degradation/Utilization/Assimilation	Amino Acid Degradation	L-histidine degradation I
HISTSYN-PWY	Biosynthesis	Amino Acid Biosynthesis	L-histidine biosynthesis
HOMOSER-METSYN-PWY	Biosynthesis	Amino Acid Biosynthesis	L-methionine biosynthesis I
HSERMETANA-PWY	Biosynthesis	Amino Acid Biosynthesis	L-methionine biosynthesis III
ILEUDEG-PWY	Degradation/Utilization/Assimilation	Amino Acid Degradation	L-isoleucine degradation I
ILEUSYN-PWY	Biosynthesis	Amino Acid Biosynthesis	L-isoleucine biosynthesis I (from threonine)
KDO-NAGLIPASYN-PWY	Biosynthesis	Fatty Acid and Lipid Biosynthesis&&Cell Structure Biosynthesis	superpathway of (Kdo)2-lipid A biosynthesis
KETOGLUCONMET-PWY	Degradation/Utilization/Assimilation	Carboxylic Acid Degradation	ketogluconate metabolism
LACTOSECAT-PWY	Degradation/Utilization/Assimilation	Carbohydrate Degradation	lactose and galactose degradation I
LEU-DEG2-PWY	Degradation/Utilization/Assimilation	Amino Acid Degradation	L-leucine degradation I
LIPASYN-PWY	Degradation/Utilization/Assimilation	Fatty Acid and Lipid Degradation	phospholipases
LPSSYN-PWY	Biosynthesis	Fatty Acid and Lipid Biosynthesis	superpathway of lipopolysaccharide biosynthesis
LYSINE-AMINOAD-PWY	Biosynthesis	Amino Acid Biosynthesis	L-lysine biosynthesis IV
LYSINE-DEG1-PWY	Degradation/Utilization/Assimilation	Amino Acid Degradation	L-lysine degradation XI (mammalian)
MANNOSYL-CHITO-DOLICHOL-BIOSYNTHESIS	Biosynthesis&&Macromolecule Modification	Carbohydrate Biosynthesis&&Protein Modification	protein N-glycosylation initial phase (eukaryotic)
MET-SAM-PWY	Biosynthesis	Cofactor, Carrier, and Vitamin Biosynthesis	superpathway of S-adenosyl-L-methionine biosynthesis
METH-ACETATE-PWY	Generation of Precursor Metabolites and Energy&&Degradation/Utilization/Assimilation	Respiration&&Acetate Degradation	methanogenesis from acetate
METHANOGENESIS-PWY	Generation of Precursor Metabolites and Energy	Respiration	methanogenesis from H2 and CO2
METHGLYUT-PWY	Degradation/Utilization/Assimilation	Aldehyde Degradation	superpathway of methylglyoxal degradation
METHYLGALLATE-DEGRADATION-PWY	Degradation/Utilization/Assimilation	Aromatic Compound Degradation	methylgallate degradation
METSYN-PWY	Biosynthesis	Amino Acid Biosynthesis	superpathway of L-homoserine and L-methionine biosynthesis
NAD-BIOSYNTHESIS-II	Biosynthesis	Cofactor, Carrier, and Vitamin Biosynthesis	NAD salvage pathway III (to nicotinamide riboside)
NADSYN-PWY	Biosynthesis	Cofactor, Carrier, and Vitamin Biosynthesis	NAD de novo biosynthesis II (from tryptophan)
NAGLIPASYN-PWY	Biosynthesis	Cell Structure Biosynthesis&&Fatty Acid and Lipid Biosynthesis	lipid IVA biosynthesis (E. coli)
NONMEVIPP-PWY	Biosynthesis	Secondary Metabolite Biosynthesis	methylerythritol phosphate pathway I
NONOXIPENT-PWY	Generation of Precursor Metabolites and Energy	Pentose Phosphate Pathways	pentose phosphate pathway (non-oxidative branch) I
OANTIGEN-PWY	Biosynthesis	Carbohydrate Biosynthesis	O-antigen building blocks biosynthesis (E. coli)
ORNARGDEG-PWY	Degradation/Utilization/Assimilation	Amino Acid Degradation	superpathway of L-arginine and L-ornithine degradation
ORNDEG-PWY	Degradation/Utilization/Assimilation	Amide, Amidine, Amine, and Polyamine Degradation	superpathway of ornithine degradation
P101-PWY	Biosynthesis	Amide, Amidine, Amine, and Polyamine Biosynthesis	ectoine biosynthesis
P105-PWY	Generation of Precursor Metabolites and Energy	TCA cycle	TCA cycle IV (2-oxoglutarate decarboxylase)
P108-PWY	Generation of Precursor Metabolites and Energy	Fermentation	pyruvate fermentation to propanoate I
P122-PWY	Generation of Precursor Metabolites and Energy	Fermentation	heterolactic fermentation
P124-PWY	Degradation/Utilization/Assimilation&&Generation of Precursor Metabolites and Energy	Carbohydrate Degradation&&Fermentation	Bifidobacterium shunt
P125-PWY	Biosynthesis	Other Biosynthesis	superpathway of (R,R)-butanediol biosynthesis
P161-PWY	Generation of Precursor Metabolites and Energy	Fermentation	acetylene degradation (anaerobic)
P162-PWY	Degradation/Utilization/Assimilation&&Generation of Precursor Metabolites and Energy	Amino Acid Degradation&&Fermentation	L-glutamate degradation V (via hydroxyglutarate)
P163-PWY	Degradation/Utilization/Assimilation&&Generation of Precursor Metabolites and Energy	Amino Acid Degradation&&Fermentation	L-lysine fermentation to acetate and butanoate
P164-PWY	Degradation/Utilization/Assimilation&&Generation of Precursor Metabolites and Energy	Nucleoside and Nucleotide Degradation&&Fermentation	purine nucleobases degradation I (anaerobic)
P165-PWY	Degradation/Utilization/Assimilation	Aromatic Compound Degradation	superpathway of purines degradation in plants
P184-PWY	Degradation/Utilization/Assimilation	Aromatic Compound Degradation	protocatechuate degradation I (meta-cleavage pathway)
P185-PWY	Degradation/Utilization/Assimilation	C1 Compound Utilization and Assimilation	formaldehyde assimilation III (dihydroxyacetone cycle)
P221-PWY	Degradation/Utilization/Assimilation	Degradation/Utilization/Assimilation - Other	octane oxidation
P23-PWY	Degradation/Utilization/Assimilation	C1 Compound Utilization and Assimilation	reductive TCA cycle I
P241-PWY	Biosynthesis	Cofactor, Carrier, and Vitamin Biosynthesis	coenzyme B biosynthesis
P261-PWY	Biosynthesis	Cofactor, Carrier, and Vitamin Biosynthesis	coenzyme M biosynthesis I
P281-PWY	Degradation/Utilization/Assimilation	Aromatic Compound Degradation	3-phenylpropanoate degradation
P3-PWY	Degradation/Utilization/Assimilation	Aromatic Compound Degradation	gallate degradation III (anaerobic)
P381-PWY	Biosynthesis	Cofactor, Carrier, and Vitamin Biosynthesis	adenosylcobalamin biosynthesis II (aerobic)
P4-PWY	Biosynthesis	Amino Acid Biosynthesis	superpathway of L-lysine, L-threonine and L-methionine biosynthesis I
P42-PWY	Degradation/Utilization/Assimilation	C1 Compound Utilization and Assimilation	incomplete reductive TCA cycle
P441-PWY	Degradation/Utilization/Assimilation	Carboxylic Acid Degradation	superpathway of N-acetylneuraminate degradation
P461-PWY	Degradation/Utilization/Assimilation&&Generation of Precursor Metabolites and Energy	Carbohydrate Degradation&&Alcohol Degradation&&Fermentation	hexitol fermentation to lactate, formate, ethanol and acetate
P562-PWY	Degradation/Utilization/Assimilation	Cyclitol Degradation	myo-inositol degradation I
P621-PWY	Degradation/Utilization/Assimilation	Degradation/Utilization/Assimilation - Other	nylon-6 oligomer degradation
PANTO-PWY	Biosynthesis	Cofactor, Carrier, and Vitamin Biosynthesis	phosphopantothenate biosynthesis I
PANTOSYN-PWY	Biosynthesis	Cofactor, Carrier, and Vitamin Biosynthesis	superpathway of coenzyme A biosynthesis I (bacteria)
PENTOSE-P-PWY	Generation of Precursor Metabolites and Energy	Pentose Phosphate Pathways	pentose phosphate pathway
PEPTIDOGLYCANSYN-PWY	Biosynthesis	Cell Structure Biosynthesis	peptidoglycan biosynthesis I (meso-diaminopimelate containing)
PHOSLIPSYN-PWY	Biosynthesis	Fatty Acid and Lipid Biosynthesis	superpathway of phospholipid biosynthesis I (bacteria)
PHOTOALL-PWY	Generation of Precursor Metabolites and Energy	Photosynthesis	oxygenic photosynthesis
POLYAMINSYN3-PWY	Biosynthesis	Amide, Amidine, Amine, and Polyamine Biosynthesis	superpathway of polyamine biosynthesis II
POLYAMSYN-PWY	Biosynthesis	Amide, Amidine, Amine, and Polyamine Biosynthesis	superpathway of polyamine biosynthesis I
POLYISOPRENSYN-PWY	Biosynthesis	Polyprenyl Biosynthesis	polyisoprenoid biosynthesis (E. coli)
PPGPPMET-PWY	Biosynthesis	Metabolic Regulator Biosynthesis	ppGpp metabolism
PROPFERM-PWY	Generation of Precursor Metabolites and Energy	Fermentation	superpathway of L-alanine fermentation (Stickland reaction)
PROTOCATECHUATE-ORTHO-CLEAVAGE-PWY	Degradation/Utilization/Assimilation	Aromatic Compound Degradation	protocatechuate degradation II (ortho-cleavage pathway)
PRPP-PWY	Biosynthesis	Nucleotide Biosynthesis	superpathway of histidine, purine, and pyrimidine biosynthesis
PWY-101	Generation of Precursor Metabolites and Energy	Electron Transfer Chains&&Photosynthesis	photosynthesis light reactions
PWY-1042	Generation of Precursor Metabolites and Energy	Glycolysis	glycolysis IV
PWY-1269	Biosynthesis	Carbohydrate Biosynthesis	CMP-3-deoxy-D-manno-octulosonate biosynthesis
PWY-1361	Degradation/Utilization/Assimilation	Aromatic Compound Degradation	benzoyl-CoA degradation I (aerobic)
PWY-1501	Degradation/Utilization/Assimilation	Aromatic Compound Degradation	mandelate degradation I
PWY-1541	Degradation/Utilization/Assimilation	Inorganic Nutrient Metabolism	superpathway of taurine degradation
PWY-1622	Degradation/Utilization/Assimilation	C1 Compound Utilization and Assimilation	formaldehyde assimilation I (serine pathway)
PWY-181	Generation of Precursor Metabolites and Energy	Photorespiration	photorespiration
PWY-1861	Degradation/Utilization/Assimilation	C1 Compound Utilization and Assimilation	formaldehyde assimilation II (assimilatory RuMP Cycle)
PWY-1882	Degradation/Utilization/Assimilation	C1 Compound Utilization and Assimilation	superpathway of C1 compounds oxidation to CO2
PWY-2201	Biosynthesis	Cofactor, Carrier, and Vitamin Biosynthesis	folate transformations I
PWY-2221	Degradation/Utilization/Assimilation&&Generation of Precursor Metabolites and Energy	Carbohydrate Degradation&&Entner-Doudoroff Pathways	Entner-Doudoroff pathway III (semi-phosphorylative)
PWY-241	Generation of Precursor Metabolites and Energy	Photosynthesis	C4 photosynthetic carbon assimilation cycle, NADP-ME type
PWY-2723	Degradation/Utilization/Assimilation	Carbohydrate Degradation	trehalose degradation V
PWY-2941	Biosynthesis	Amino Acid Biosynthesis	L-lysine biosynthesis II
PWY-2942	Biosynthesis	Amino Acid Biosynthesis	L-lysine biosynthesis III
PWY-3001	Biosynthesis	Amino Acid Biosynthesis	superpathway of L-isoleucine biosynthesis I
PWY-3502	Biosynthesis	Cofactor, Carrier, and Vitamin Biosynthesis	superpathway of NAD biosynthesis in eukaryotes
PWY-3661	Degradation/Utilization/Assimilation	Amide, Amidine, Amine, and Polyamine Degradation	glycine betaine degradation I
PWY-3781	Generation of Precursor Metabolites and Energy	Electron Transfer Chains&&Respiration	aerobic respiration I (cytochrome c)
PWY-3801	Degradation/Utilization/Assimilation	Carbohydrate Degradation	sucrose degradation II (sucrose synthase)
PWY-3841	Biosynthesis	Cofactor, Carrier, and Vitamin Biosynthesis	folate transformations II (plants)
PWY-4041	Biosynthesis	Other Biosynthesis	&gamma;-glutamyl cycle
PWY-4061	Degradation/Utilization/Assimilation&&Detoxification	Degradation/Utilization/Assimilation - Other	glutathione-mediated detoxification I
PWY-4202	Detoxification	Arsenic Compound Detoxification	arsenate detoxification I (mammalian)
PWY-4242	Biosynthesis	Cofactor, Carrier, and Vitamin Biosynthesis	pantothenate and coenzyme A biosynthesis III
PWY-4321	Degradation/Utilization/Assimilation	Amino Acid Degradation	L-glutamate degradation IV
PWY-4361	Biosynthesis&&Degradation/Utilization/Assimilation	Amino Acid Biosynthesis&&Nucleoside and Nucleotide Degradation	S-methyl-5-thio-&alpha;-D-ribose 1-phosphate degradation I
PWY-4702	Degradation/Utilization/Assimilation	Cyclitol Degradation	phytate degradation I
PWY-4722	Degradation/Utilization/Assimilation	Amide, Amidine, Amine, and Polyamine Degradation	creatinine degradation II
PWY-4981	Biosynthesis	Amino Acid Biosynthesis	L-proline biosynthesis II (from arginine)
PWY-4984	Degradation/Utilization/Assimilation	Inorganic Nutrient Metabolism	urea cycle
PWY-5004	Biosynthesis	Amino Acid Biosynthesis	superpathway of L-citrulline metabolism
PWY-5005	Biosynthesis	Cofactor, Carrier, and Vitamin Biosynthesis	biotin biosynthesis II
PWY-5022	Degradation/Utilization/Assimilation&&Generation of Precursor Metabolites and Energy	Amide, Amidine, Amine, and Polyamine Degradation&&Fermentation	4-aminobutanoate degradation V
PWY-5028	Degradation/Utilization/Assimilation	Amino Acid Degradation	L-histidine degradation II
PWY-5030	Degradation/Utilization/Assimilation	Amino Acid Degradation	L-histidine degradation III
PWY-5044	Degradation/Utilization/Assimilation	Nucleoside and Nucleotide Degradation	purine nucleotides degradation I (plants)
PWY-5055	Degradation/Utilization/Assimilation	Aromatic Compound Degradation	nicotinate degradation III
PWY-5067	Biosynthesis	Carbohydrate Biosynthesis	glycogen biosynthesis II (from UDP-D-Glucose)
PWY-5079	Degradation/Utilization/Assimilation	Amino Acid Degradation	L-phenylalanine degradation III
PWY-5080	Biosynthesis	Fatty Acid and Lipid Biosynthesis	very long chain fatty acid biosynthesis I
PWY-5081	Degradation/Utilization/Assimilation	Amino Acid Degradation	L-tryptophan degradation VIII (to tryptophol)
PWY-5083	Metabolite Activation/Inactivation/Interconversion&&Biosynthesis	Metabolite Interconversion&&Cofactor, Carrier, and Vitamin Biosynthesis	NAD(P)/NADPH interconversion
PWY-5088	Degradation/Utilization/Assimilation&&Generation of Precursor Metabolites and Energy	Amino Acid Degradation&&Fermentation	L-glutamate degradation VIII (to propanoate)
PWY-5097	Biosynthesis	Amino Acid Biosynthesis	L-lysine biosynthesis VI
PWY-5100	Generation of Precursor Metabolites and Energy	Fermentation	pyruvate fermentation to acetate and lactate II
PWY-5101	Biosynthesis	Amino Acid Biosynthesis	L-isoleucine biosynthesis II
PWY-5103	Biosynthesis	Amino Acid Biosynthesis	L-isoleucine biosynthesis III
PWY-5104	Biosynthesis	Amino Acid Biosynthesis	L-isoleucine biosynthesis IV
PWY-5109	Generation of Precursor Metabolites and Energy	Fermentation	propanoate fermentation to 2-methylbutanoate
PWY-5121	Biosynthesis	Polyprenyl Biosynthesis&&Secondary Metabolite Biosynthesis	superpathway of geranylgeranyl diphosphate biosynthesis II (via MEP)
PWY-5129	Biosynthesis	Fatty Acid and Lipid Biosynthesis	sphingolipid biosynthesis (plants)
PWY-5136	Degradation/Utilization/Assimilation	Fatty Acid and Lipid Degradation	fatty acid &beta;-oxidation II (plant peroxisome)
PWY-5138	Degradation/Utilization/Assimilation	Fatty Acid and Lipid Degradation	fatty acid &beta;-oxidation IV (unsaturated, even number)
PWY-5154	Biosynthesis	Amino Acid Biosynthesis	L-arginine biosynthesis III (via N-acetyl-L-citrulline)
PWY-5156	Biosynthesis	Fatty Acid and Lipid Biosynthesis	superpathway of fatty acid biosynthesis II (plant)
PWY-5173	Biosynthesis	Secondary Metabolite Biosynthesis	superpathway of acetyl-CoA biosynthesis
PWY-5177	Degradation/Utilization/Assimilation	Carboxylic Acid Degradation	glutaryl-CoA degradation
PWY-5178	Degradation/Utilization/Assimilation	Aromatic Compound Degradation	toluene degradation IV (aerobic) (via catechol)
PWY-5180	Degradation/Utilization/Assimilation	Aromatic Compound Degradation	toluene degradation I (aerobic) (via o-cresol)
PWY-5181	Degradation/Utilization/Assimilation	Aromatic Compound Degradation	toluene degradation III (aerobic) (via p-cresol)
PWY-5182	Degradation/Utilization/Assimilation	Aromatic Compound Degradation	toluene degradation II (aerobic) (via 4-methylcatechol)
PWY-5183	Degradation/Utilization/Assimilation	Aromatic Compound Degradation	superpathway of aerobic toluene degradation
PWY-5188	Biosynthesis	Tetrapyrrole Biosynthesis	tetrapyrrole biosynthesis I (from glutamate)
PWY-5189	Biosynthesis	Tetrapyrrole Biosynthesis	tetrapyrrole biosynthesis II (from glycine)
PWY-5198	Biosynthesis	Cofactor, Carrier, and Vitamin Biosynthesis	factor 420 biosynthesis II (mycobacteria)
PWY-5265	Biosynthesis	Cell Structure Biosynthesis	peptidoglycan biosynthesis II (staphylococci)
PWY-5304	Degradation/Utilization/Assimilation	Inorganic Nutrient Metabolism	superpathway of sulfur oxidation (Acidianus ambivalens)
PWY-5306	Degradation/Utilization/Assimilation&&Generation of Precursor Metabolites and Energy	Inorganic Nutrient Metabolism	superpathway of thiosulfate metabolism (Desulfovibrio sulfodismutans)
PWY-5328	Degradation/Utilization/Assimilation	Amino Acid Degradation	superpathway of L-methionine salvage and degradation
PWY-5345	Biosynthesis	Amino Acid Biosynthesis	superpathway of L-methionine biosynthesis (by sulfhydrylation)
PWY-5347	Biosynthesis	Amino Acid Biosynthesis	superpathway of L-methionine biosynthesis (transsulfuration)
PWY-5367	Biosynthesis	Fatty Acid and Lipid Biosynthesis	petroselinate biosynthesis
PWY-5381	Biosynthesis	Cofactor, Carrier, and Vitamin Biosynthesis	NAD salvage (plants)
PWY-5384	Degradation/Utilization/Assimilation	Carbohydrate Degradation	sucrose degradation IV (sucrose phosphorylase)
PWY-5392	Degradation/Utilization/Assimilation	C1 Compound Utilization and Assimilation	reductive TCA cycle II
PWY-5415	Degradation/Utilization/Assimilation	Aromatic Compound Degradation	catechol degradation I (meta-cleavage pathway)
PWY-5417	Degradation/Utilization/Assimilation	Aromatic Compound Degradation	catechol degradation III (ortho-cleavage pathway)
PWY-5419	Degradation/Utilization/Assimilation	Aromatic Compound Degradation	catechol degradation to 2-hydroxypentadienoate II
PWY-5420	Degradation/Utilization/Assimilation	Aromatic Compound Degradation	catechol degradation II (meta-cleavage pathway)
PWY-5430	Degradation/Utilization/Assimilation	Aromatic Compound Degradation	meta cleavage pathway of aromatic compounds
PWY-5431	Degradation/Utilization/Assimilation	Aromatic Compound Degradation	aromatic compounds degradation via &beta;-ketoadipate
PWY-5464	Generation of Precursor Metabolites and Energy	NA	superpathway of cytosolic glycolysis (plants), pyruvate dehydrogenase and TCA cycle
PWY-5466	Biosynthesis	Aromatic Compound Biosynthesis	matairesinol biosynthesis
PWY-5484	Generation of Precursor Metabolites and Energy	Glycolysis	glycolysis II (from fructose 6-phosphate)
PWY-5499	Degradation/Utilization/Assimilation	Cofactor, Carrier, and Vitamin Degradation	vitamin B6 degradation
PWY-5505	Biosynthesis	Amino Acid Biosynthesis	L-glutamate and L-glutamine biosynthesis
PWY-5507	Biosynthesis	Cofactor, Carrier, and Vitamin Biosynthesis	adenosylcobalamin biosynthesis I (anaerobic)
PWY-5508	Biosynthesis	Aromatic Compound Biosynthesis	adenosylcobalamin biosynthesis from cobyrinate a,c-diamide II
PWY-5509	Biosynthesis	Cofactor, Carrier, and Vitamin Biosynthesis	adenosylcobalamin biosynthesis from adenosylcobinamide-GDP I
PWY-5514	Biosynthesis	Carbohydrate Biosynthesis	UDP-N-acetyl-D-galactosamine biosynthesis II
PWY-5531	Biosynthesis	Tetrapyrrole Biosynthesis&&Secondary Metabolite Biosynthesis	3,8-divinyl-chlorophyllide a biosynthesis II (anaerobic)
PWY-5532	Degradation/Utilization/Assimilation	Nucleoside and Nucleotide Degradation	nucleoside and nucleotide degradation (archaea)
PWY-5534	Degradation/Utilization/Assimilation	Hydrocarbon Degradation	propene degradation
PWY-561	Generation of Precursor Metabolites and Energy	NA	superpathway of glyoxylate cycle and fatty acid degradation
PWY-5647	Degradation/Utilization/Assimilation	Aromatic Compound Degradation	2-nitrobenzoate degradation I
PWY-5651	Degradation/Utilization/Assimilation	Amino Acid Degradation	L-tryptophan degradation to 2-amino-3-carboxymuconate semialdehyde
PWY-5654	Degradation/Utilization/Assimilation	Carboxylic Acid Degradation	2-amino-3-carboxymuconate semialdehyde degradation to 2-hydroxypentadienoate
PWY-5655	Degradation/Utilization/Assimilation	Amino Acid Degradation	L-tryptophan degradation IX
PWY-5656	Biosynthesis	Metabolic Regulator Biosynthesis	mannosylglycerate biosynthesis I
PWY-5659	Biosynthesis	Carbohydrate Biosynthesis	GDP-mannose biosynthesis
PWY-5667	Biosynthesis	Fatty Acid and Lipid Biosynthesis	CDP-diacylglycerol biosynthesis I
PWY-5675	Degradation/Utilization/Assimilation	Inorganic Nutrient Metabolism	nitrate reduction V (assimilatory)
PWY-5676	Generation of Precursor Metabolites and Energy	Fermentation	acetyl-CoA fermentation to butanoate II
PWY-5677	Generation of Precursor Metabolites and Energy	Fermentation	succinate fermentation to butanoate
PWY-5686	Biosynthesis	Nucleoside and Nucleotide Biosynthesis	UMP biosynthesis I
PWY-5690	Generation of Precursor Metabolites and Energy	TCA cycle	TCA cycle II (plants and fungi)
PWY-5692	Degradation/Utilization/Assimilation	Amide, Amidine, Amine, and Polyamine Degradation	allantoin degradation to glyoxylate II
PWY-5695	Degradation/Utilization/Assimilation	Nucleoside and Nucleotide Degradation	inosine 5'-phosphate degradation
PWY-5705	Degradation/Utilization/Assimilation	Amide, Amidine, Amine, and Polyamine Degradation	allantoin degradation to glyoxylate III
PWY-5723	Generation of Precursor Metabolites and Energy	NA	Rubisco shunt
PWY-5724	Degradation/Utilization/Assimilation	Aromatic Compound Degradation	superpathway of atrazine degradation
PWY-5741	Generation of Precursor Metabolites and Energy	NA	ethylmalonyl-CoA pathway
PWY-5747	Degradation/Utilization/Assimilation	Carboxylic Acid Degradation	2-methylcitrate cycle II
PWY-5751	Biosynthesis	Aromatic Compound Biosynthesis	phenylethanol biosynthesis
PWY-5754	Biosynthesis	Aromatic Compound Biosynthesis	4-hydroxybenzoate biosynthesis I (eukaryotes)
PWY-5757	Biosynthesis	Secondary Metabolite Biosynthesis	fosfomycin biosynthesis
PWY-5791	Biosynthesis	Secondary Metabolite Biosynthesis	1,4-dihydroxy-2-naphthoate biosynthesis II (plants)
PWY-5823	Biosynthesis	Carbohydrate Biosynthesis	superpathway of CDP-glucose-derived O-antigen building blocks biosynthesis
PWY-5837	Biosynthesis	Cofactor, Carrier, and Vitamin Biosynthesis	2-carboxy-1,4-naphthoquinol biosynthesis
PWY-5838	Biosynthesis	Cofactor, Carrier, and Vitamin Biosynthesis	superpathway of menaquinol-8 biosynthesis I
PWY-5840	Biosynthesis	Cofactor, Carrier, and Vitamin Biosynthesis	superpathway of menaquinol-7 biosynthesis
PWY-5845	Biosynthesis	Cofactor, Carrier, and Vitamin Biosynthesis	superpathway of menaquinol-9 biosynthesis
PWY-5850	Biosynthesis	Cofactor, Carrier, and Vitamin Biosynthesis	superpathway of menaquinol-6 biosynthesis
PWY-5855	Biosynthesis	Cofactor, Carrier, and Vitamin Biosynthesis	ubiquinol-7 biosynthesis (early decarboxylation)
PWY-5856	Biosynthesis	Cofactor, Carrier, and Vitamin Biosynthesis	ubiquinol-9 biosynthesis (early decarboxylation)
PWY-5857	Biosynthesis	Cofactor, Carrier, and Vitamin Biosynthesis	ubiquinol-10 biosynthesis (early decarboxylation)
PWY-5860	Biosynthesis	Cofactor, Carrier, and Vitamin Biosynthesis	superpathway of demethylmenaquinol-6 biosynthesis I
PWY-5861	Biosynthesis	Cofactor, Carrier, and Vitamin Biosynthesis	superpathway of demethylmenaquinol-8 biosynthesis I
PWY-5862	Biosynthesis	Cofactor, Carrier, and Vitamin Biosynthesis	superpathway of demethylmenaquinol-9 biosynthesis
PWY-5863	Biosynthesis	Cofactor, Carrier, and Vitamin Biosynthesis	superpathway of phylloquinol biosynthesis
PWY-5864	Biosynthesis	Cofactor, Carrier, and Vitamin Biosynthesis	superpathway of plastoquinol biosynthesis
PWY-5870	Biosynthesis	Cofactor, Carrier, and Vitamin Biosynthesis	ubiquinol-8 biosynthesis (late decarboxylation)
PWY-5871	Biosynthesis	Cofactor, Carrier, and Vitamin Biosynthesis	ubiquinol-9 biosynthesis (late decarboxylation)
PWY-5872	Biosynthesis	Cofactor, Carrier, and Vitamin Biosynthesis	ubiquinol-10 biosynthesis (late decarboxylation)
PWY-5873	Biosynthesis	Cofactor, Carrier, and Vitamin Biosynthesis	ubiquinol-7 biosynthesis (late decarboxylation)
PWY-5896	Biosynthesis	Cofactor, Carrier, and Vitamin Biosynthesis	superpathway of menaquinol-10 biosynthesis
PWY-5897	Biosynthesis	Cofactor, Carrier, and Vitamin Biosynthesis	superpathway of menaquinol-11 biosynthesis
PWY-5898	Biosynthesis	Cofactor, Carrier, and Vitamin Biosynthesis	superpathway of menaquinol-12 biosynthesis
PWY-5899	Biosynthesis	Cofactor, Carrier, and Vitamin Biosynthesis	superpathway of menaquinol-13 biosynthesis
PWY-5910	Biosynthesis	Polyprenyl Biosynthesis&&Secondary Metabolite Biosynthesis	superpathway of geranylgeranyldiphosphate biosynthesis I (via mevalonate)
PWY-5913	Generation of Precursor Metabolites and Energy	TCA cycle	partial TCA cycle (obligate autotrophs)
PWY-5918	Biosynthesis	Cofactor, Carrier, and Vitamin Biosynthesis&&Tetrapyrrole Biosynthesis	superpathway of heme b biosynthesis from glutamate
PWY-5920	Biosynthesis	Cofactor, Carrier, and Vitamin Biosynthesis&&Tetrapyrrole Biosynthesis	superpathway of heme b biosynthesis from glycine
PWY-5941	Degradation/Utilization/Assimilation&&Glycan Pathways	Carbohydrate Degradation&&Polymeric Compound Degradation	glycogen degradation II
PWY-5971	Biosynthesis	Fatty Acid and Lipid Biosynthesis	palmitate biosynthesis (type II fatty acid synthase)
PWY-5973	Biosynthesis	Fatty Acid and Lipid Biosynthesis	cis-vaccenate biosynthesis
PWY-5989	Biosynthesis	Fatty Acid and Lipid Biosynthesis	stearate biosynthesis II (bacteria and plants)
PWY-5994	Biosynthesis	Fatty Acid and Lipid Biosynthesis	palmitate biosynthesis (type I fatty acid synthase)
PWY-6060	Degradation/Utilization/Assimilation	Carboxylic Acid Degradation	malonate degradation II (biotin-dependent)
PWY-6071	Degradation/Utilization/Assimilation	Amide, Amidine, Amine, and Polyamine Degradation&&Aromatic Compound Degradation	superpathway of phenylethylamine degradation
PWY-6074	Biosynthesis	Fatty Acid and Lipid Biosynthesis	zymosterol biosynthesis
PWY-6075	Biosynthesis	Fatty Acid and Lipid Biosynthesis	ergosterol biosynthesis I
PWY-6098	Biosynthesis	Secondary Metabolite Biosynthesis	diploterol biosynthesis
PWY-6107	Degradation/Utilization/Assimilation	Aromatic Compound Degradation&&Chlorinated Compound Degradation	chlorosalicylate degradation
PWY-6113	Biosynthesis	Fatty Acid and Lipid Biosynthesis	superpathway of mycolate biosynthesis
PWY-6121	Biosynthesis	Nucleoside and Nucleotide Biosynthesis	5-aminoimidazole ribonucleotide biosynthesis I
PWY-6122	Biosynthesis	Nucleoside and Nucleotide Biosynthesis	5-aminoimidazole ribonucleotide biosynthesis II
PWY-6123	Biosynthesis	Nucleoside and Nucleotide Biosynthesis	inosine-5'-phosphate biosynthesis I
PWY-6124	Biosynthesis	Nucleoside and Nucleotide Biosynthesis	inosine-5'-phosphate biosynthesis II
PWY-6125	Biosynthesis	Nucleoside and Nucleotide Biosynthesis	superpathway of guanosine nucleotides de novo biosynthesis II
PWY-6126	Biosynthesis	Nucleoside and Nucleotide Biosynthesis	superpathway of adenosine nucleotides de novo biosynthesis II
PWY-6138	Biosynthesis	Carbohydrate Biosynthesis	CMP-N-acetylneuraminate biosynthesis I (eukaryotes)
PWY-6143	Biosynthesis	Carbohydrate Biosynthesis	CMP-pseudaminate biosynthesis
PWY-6145	Biosynthesis	Carbohydrate Biosynthesis	superpathway of CMP-sialic acids biosynthesis
PWY-6147	Biosynthesis	Other Biosynthesis	6-hydroxymethyl-dihydropterin diphosphate biosynthesis I
PWY-6148	Biosynthesis	Cofactor, Carrier, and Vitamin Biosynthesis	tetrahydromethanopterin biosynthesis
PWY-6151	Biosynthesis	Cofactor, Carrier, and Vitamin Biosynthesis	S-adenosyl-L-methionine salvage I
PWY-6163	Biosynthesis	Carboxylic Acid Biosynthesis	chorismate biosynthesis from 3-dehydroquinate
PWY-6165	Biosynthesis	Carboxylic Acid Biosynthesis	chorismate biosynthesis II (archaea)
PWY-6167	Biosynthesis	Cofactor, Carrier, and Vitamin Biosynthesis	flavin biosynthesis II (archaea)
PWY-6168	Biosynthesis	Cofactor, Carrier, and Vitamin Biosynthesis	flavin biosynthesis III (fungi)
PWY-6174	Biosynthesis	Secondary Metabolite Biosynthesis	mevalonate pathway II (haloarchaea)
PWY-6182	Degradation/Utilization/Assimilation	Aromatic Compound Degradation	superpathway of salicylate degradation
PWY-6185	Degradation/Utilization/Assimilation	Aromatic Compound Degradation	4-methylcatechol degradation (ortho cleavage)
PWY-621	Degradation/Utilization/Assimilation	Carbohydrate Degradation	sucrose degradation III (sucrose invertase)
PWY-6210	Degradation/Utilization/Assimilation	Aromatic Compound Degradation	2-aminophenol degradation
PWY-6215	Degradation/Utilization/Assimilation	Aromatic Compound Degradation&&Chlorinated Compound Degradation	4-chlorobenzoate degradation
PWY-622	Biosynthesis	Carbohydrate Biosynthesis	starch biosynthesis
PWY-6263	Biosynthesis	Cofactor, Carrier, and Vitamin Biosynthesis	superpathway of menaquinol-8 biosynthesis II
PWY-6269	Biosynthesis	Cofactor, Carrier, and Vitamin Biosynthesis	superpathway of adenosylcobalamin salvage from cobinamide II
PWY-6270	Biosynthesis	Secondary Metabolite Biosynthesis	isoprene biosynthesis I
PWY-6277	Biosynthesis	Nucleoside and Nucleotide Biosynthesis	superpathway of 5-aminoimidazole ribonucleotide biosynthesis
PWY-6281	Biosynthesis	Amino Acid Biosynthesis	L-selenocysteine biosynthesis II (archaea and eukaryotes)
PWY-6282	Biosynthesis	Fatty Acid and Lipid Biosynthesis	palmitoleate biosynthesis I (from (5Z)-dodec-5-enoate)
PWY-6284	Biosynthesis	Fatty Acid and Lipid Biosynthesis	superpathway of unsaturated fatty acids biosynthesis (E. coli)
PWY-6285	Biosynthesis	Fatty Acid and Lipid Biosynthesis	superpathway of fatty acids biosynthesis (E. coli)
PWY-6305	Biosynthesis	Amide, Amidine, Amine, and Polyamine Biosynthesis	superpathway of putrescine biosynthesis
PWY-6307	Degradation/Utilization/Assimilation	Amino Acid Degradation	L-tryptophan degradation X (mammalian, via tryptamine)
PWY-6309	Degradation/Utilization/Assimilation	Amino Acid Degradation	L-tryptophan degradation XI (mammalian, via kynurenine)
PWY-6313	Degradation/Utilization/Assimilation	Hormone, Neurotransmitter, and Signaling Molecule Degradation	serotonin degradation
PWY-6317	Degradation/Utilization/Assimilation	Carbohydrate Degradation	D-galactose degradation I (Leloir pathway)
PWY-6318	Degradation/Utilization/Assimilation	Amino Acid Degradation	L-phenylalanine degradation IV (mammalian, via side chain)
PWY-6339	Degradation/Utilization/Assimilation	Aromatic Compound Degradation	syringate degradation
PWY-6342	Degradation/Utilization/Assimilation	Hormone, Neurotransmitter, and Signaling Molecule Degradation	noradrenaline and adrenaline degradation
PWY-6344	Degradation/Utilization/Assimilation&&Generation of Precursor Metabolites and Energy	Amino Acid Degradation&&Fermentation	L-arginine degradation XIV (oxidative Stickland reaction)
PWY-6349	Biosynthesis	Fatty Acid and Lipid Biosynthesis	CDP-archaeol biosynthesis
PWY-6350	Biosynthesis	Fatty Acid and Lipid Biosynthesis	archaetidylinositol biosynthesis
PWY-6351	Biosynthesis	Cyclitol Biosynthesis	D-myo-inositol (1,4,5)-trisphosphate biosynthesis
PWY-6352	Biosynthesis	Fatty Acid and Lipid Biosynthesis	3-phosphoinositide biosynthesis
PWY-6353	Degradation/Utilization/Assimilation	Nucleoside and Nucleotide Degradation	purine nucleotides degradation II (aerobic)
PWY-6358	Biosynthesis	Cyclitol Biosynthesis	superpathway of D-myo-inositol (1,4,5)-trisphosphate metabolism
PWY-6362	Biosynthesis	Cyclitol Biosynthesis	1D-myo-inositol hexakisphosphate biosynthesis II (mammalian)
PWY-6367	Biosynthesis	Fatty Acid and Lipid Biosynthesis&&Cyclitol Biosynthesis	D-myo-inositol-5-phosphate metabolism
PWY-6368	Degradation/Utilization/Assimilation	Fatty Acid and Lipid Degradation	3-phosphoinositide degradation
PWY-6371	Biosynthesis	Fatty Acid and Lipid Biosynthesis&&Cyclitol Biosynthesis	superpathway of inositol phosphate compounds
PWY-6383	Biosynthesis	Cofactor, Carrier, and Vitamin Biosynthesis&&Polyprenyl Biosynthesis	mono-trans, poly-cis decaprenyl phosphate biosynthesis
PWY-6385	Biosynthesis	Cell Structure Biosynthesis	peptidoglycan biosynthesis III (mycobacteria)
PWY-6386	Biosynthesis	Cell Structure Biosynthesis	UDP-N-acetylmuramoyl-pentapeptide biosynthesis II (lysine-containing)
PWY-6387	Biosynthesis	Cell Structure Biosynthesis	UDP-N-acetylmuramoyl-pentapeptide biosynthesis I (meso-diaminopimelate containing)
PWY-6396	Biosynthesis	Other Biosynthesis	superpathway of 2,3-butanediol biosynthesis
PWY-6397	Biosynthesis&&Glycan Pathways	Cell Structure Biosynthesis	mycolyl-arabinogalactan-peptidoglycan complex biosynthesis
PWY-6415	Biosynthesis	Cofactor, Carrier, and Vitamin Biosynthesis&&Carboxylic Acid Biosynthesis	L-ascorbate biosynthesis V (euglena, D-galacturonate pathway)
PWY-6433	Biosynthesis	Fatty Acid and Lipid Biosynthesis	hydroxylated fatty acid biosynthesis (plants)
PWY-6435	Biosynthesis	Aromatic Compound Biosynthesis	4-hydroxybenzoate biosynthesis III (plants)
PWY-6467	Biosynthesis	Cell Structure Biosynthesis	Kdo transfer to lipid IVA III (Chlamydia)
PWY-6470	Biosynthesis&&Detoxification	Cell Structure Biosynthesis&&Antibiotic Resistance	peptidoglycan biosynthesis V (&beta;-lactam resistance)
PWY-6471	Biosynthesis&&Detoxification	Cell Structure Biosynthesis&&Antibiotic Resistance	peptidoglycan biosynthesis IV (Enterococcus faecium)
PWY-6478	Biosynthesis	Carbohydrate Biosynthesis	GDP-D-glycero-&alpha;-D-manno-heptose biosynthesis
PWY-6486	Degradation/Utilization/Assimilation	Carboxylic Acid Degradation&&Carbohydrate Degradation	D-galacturonate degradation II
PWY-6507	Degradation/Utilization/Assimilation	Carbohydrate Degradation	4-deoxy-L-threo-hex-4-enopyranuronate degradation
PWY-6519	Biosynthesis	Other Biosynthesis	8-amino-7-oxononanoate biosynthesis I
PWY-6524	Biosynthesis&&Glycan Pathways	Carbohydrate Biosynthesis	lychnose and isolychnose biosynthesis
PWY-6527	Degradation/Utilization/Assimilation	Carbohydrate Degradation	stachyose degradation
PWY-6531	Degradation/Utilization/Assimilation	Alcohol Degradation&&Carbohydrate Degradation	mannitol cycle
PWY-6538	Degradation/Utilization/Assimilation	Secondary Metabolite Degradation	caffeine degradation III (bacteria, via demethylation)
PWY-6545	Biosynthesis	Nucleoside and Nucleotide Biosynthesis	pyrimidine deoxyribonucleotides de novo biosynthesis III
PWY-6549	Biosynthesis	Lipid Biosynthesis	L-glutamine biosynthesis III
PWY-6554	Biosynthesis	Cyclitol Biosynthesis	1D-myo-inositol hexakisphosphate biosynthesis V (from Ins(1,3,4)P3)
PWY-6555	Biosynthesis	Cyclitol Biosynthesis	superpathway of 1D-myo-inositol hexakisphosphate biosynthesis (plants)
PWY-6557	Biosynthesis&&Macromolecule Modification	Carbohydrate Biosynthesis&&Protein Modification	glycosaminoglycan-protein linkage region biosynthesis
PWY-6558	Biosynthesis	Carbohydrate Biosynthesis	heparan sulfate biosynthesis (late stages)
PWY-6562	Biosynthesis	Amide, Amidine, Amine, and Polyamine Biosynthesis	norspermidine biosynthesis
PWY-6564	Biosynthesis	Carbohydrate Biosynthesis	heparan sulfate biosynthesis
PWY-6565	Biosynthesis	Amide, Amidine, Amine, and Polyamine Biosynthesis	superpathway of polyamine biosynthesis III
PWY-6569	Biosynthesis	Carbohydrate Biosynthesis	chondroitin sulfate biosynthesis
PWY-6571	Biosynthesis	Carbohydrate Biosynthesis	dermatan sulfate biosynthesis
PWY-6572	Degradation/Utilization/Assimilation	Carbohydrate Degradation&&Polymeric Compound Degradation	chondroitin sulfate degradation I (bacterial)
PWY-6588	Generation of Precursor Metabolites and Energy	Fermentation	pyruvate fermentation to acetone
PWY-6590	Generation of Precursor Metabolites and Energy	Fermentation	superpathway of Clostridium acetobutylicum acidogenic fermentation
PWY-6595	Degradation/Utilization/Assimilation	Nucleoside and Nucleotide Degradation	superpathway of guanosine nucleotides degradation (plants)
PWY-6596	Degradation/Utilization/Assimilation	Nucleoside and Nucleotide Degradation	adenosine nucleotides degradation I
PWY-6598	Biosynthesis	Fatty Acid and Lipid Biosynthesis	sciadonate biosynthesis
PWY-6606	Degradation/Utilization/Assimilation	Nucleoside and Nucleotide Degradation	guanosine nucleotides degradation II
PWY-6608	Degradation/Utilization/Assimilation	Nucleoside and Nucleotide Degradation	guanosine nucleotides degradation III
PWY-6609	Biosynthesis	Nucleoside and Nucleotide Biosynthesis	adenine and adenosine salvage III
PWY-6612	Biosynthesis	Cofactor, Carrier, and Vitamin Biosynthesis	superpathway of tetrahydrofolate biosynthesis
PWY-6628	Biosynthesis	Amino Acid Biosynthesis	superpathway of L-phenylalanine biosynthesis
PWY-6629	Biosynthesis	Amino Acid Biosynthesis	superpathway of L-tryptophan biosynthesis
PWY-6630	Biosynthesis	Amino Acid Biosynthesis	superpathway of L-tyrosine biosynthesis
PWY-6641	Degradation/Utilization/Assimilation	Inorganic Nutrient Metabolism	superpathway of sulfolactate degradation
PWY-6654	Biosynthesis	Cofactor, Carrier, and Vitamin Biosynthesis	phosphopantothenate biosynthesis III (archaebacteria)
PWY-6660	Biosynthesis	Secondary Metabolite Biosynthesis	2-heptyl-3-hydroxy-4(1H)-quinolone biosynthesis
PWY-6662	Biosynthesis	Secondary Metabolite Biosynthesis	superpathway of quinolone and alkylquinolone biosynthesis
PWY-6676	Degradation/Utilization/Assimilation	Inorganic Nutrient Metabolism	superpathway of sulfide oxidation (phototrophic sulfur bacteria)
PWY-6690	Degradation/Utilization/Assimilation	Aromatic Compound Degradation	cinnamate and 3-hydroxycinnamate degradation to 2-hydroxypentadienoate
PWY-6700	Macromolecule Modification	Nucleic Acid Processing	queuosine biosynthesis I (de novo)
PWY-6703	Biosynthesis	Secondary Metabolite Biosynthesis	preQ0 biosynthesis
PWY-6708	Biosynthesis	Cofactor, Carrier, and Vitamin Biosynthesis	ubiquinol-8 biosynthesis (early decarboxylation)
PWY-6724	Degradation/Utilization/Assimilation&&Glycan Pathways	Carbohydrate Degradation&&Polymeric Compound Degradation	starch degradation II
PWY-6728	Generation of Precursor Metabolites and Energy	NA	methylaspartate cycle
PWY-6731	Degradation/Utilization/Assimilation	Carbohydrate Degradation&&Polymeric Compound Degradation	starch degradation III
PWY-6737	Degradation/Utilization/Assimilation	Carbohydrate Degradation&&Polymeric Compound Degradation	starch degradation V
PWY-6748	Degradation/Utilization/Assimilation&&Generation of Precursor Metabolites and Energy	Inorganic Nutrient Metabolism&&Respiration	nitrate reduction VII (denitrification)
PWY-6749	Biosynthesis	Carbohydrate Biosynthesis	CMP-legionaminate biosynthesis I
PWY-6760	Degradation/Utilization/Assimilation	Carbohydrate Degradation	D-xylose degradation III
PWY-6763	Biosynthesis	Aromatic Compound Biosynthesis	salicortin biosynthesis
PWY-6769	Degradation/Utilization/Assimilation&&Glycan Pathways	Carbohydrate Degradation&&Polymeric Compound Degradation	rhamnogalacturonan type I degradation I
PWY-6785	Generation of Precursor Metabolites and Energy	Hydrogen Production	hydrogen production VIII
PWY-6797	Biosynthesis	Other Biosynthesis	6-hydroxymethyl-dihydropterin diphosphate biosynthesis II (Methanocaldococcus)
PWY-6803	Biosynthesis	Fatty Acid and Lipid Biosynthesis	phosphatidylcholine acyl editing
PWY-6823	Biosynthesis	Cofactor, Carrier, and Vitamin Biosynthesis	molybdopterin biosynthesis
PWY-6829	Macromolecule Modification	Nucleic Acid Processing	tRNA methylation (yeast)
PWY-6834	Biosynthesis	Amide, Amidine, Amine, and Polyamine Biosynthesis	spermidine biosynthesis III
PWY-6837	Degradation/Utilization/Assimilation	Fatty Acid and Lipid Degradation	fatty acid &beta;-oxidation V (unsaturated, odd number, di-isomerase-dependent)
PWY-6857	Biosynthesis	Cofactor, Carrier, and Vitamin Biosynthesis	retinol biosynthesis
PWY-6859	Biosynthesis	Secondary Metabolite Biosynthesis	all-trans-farnesol biosynthesis
PWY-6861	Biosynthesis	Cofactor, Carrier, and Vitamin Biosynthesis	the visual cycle I (vertebrates)
PWY-6863	Generation of Precursor Metabolites and Energy	Fermentation	pyruvate fermentation to hexanol (engineered)
PWY-6876	Generation of Precursor Metabolites and Energy	NA	isopropanol biosynthesis (engineered)
PWY-6883	Generation of Precursor Metabolites and Energy	Fermentation	pyruvate fermentation to butanol II (engineered)
PWY-6886	Generation of Precursor Metabolites and Energy	Fermentation	1-butanol autotrophic biosynthesis (engineered)
PWY-6891	Biosynthesis	Cofactor, Carrier, and Vitamin Biosynthesis	thiazole component of thiamine diphosphate biosynthesis II
PWY-6892	Biosynthesis	Cofactor, Carrier, and Vitamin Biosynthesis	thiazole component of thiamine diphosphate biosynthesis I
PWY-6895	Biosynthesis	Cofactor, Carrier, and Vitamin Biosynthesis	superpathway of thiamine diphosphate biosynthesis II
PWY-6897	Biosynthesis	Cofactor, Carrier, and Vitamin Biosynthesis	thiamine diphosphate salvage II
PWY-6901	Degradation/Utilization/Assimilation	Carbohydrate Degradation	superpathway of glucose and xylose degradation
PWY-6906	Degradation/Utilization/Assimilation	Carbohydrate Degradation	chitin derivatives degradation
PWY-6936	Biosynthesis	Amino Acid Biosynthesis	seleno-amino acid biosynthesis (plants)
PWY-6942	Biosynthesis	Carbohydrate Biosynthesis	dTDP-D-desosamine biosynthesis
PWY-6948	Degradation/Utilization/Assimilation	Fatty Acid and Lipid Degradation	sitosterol degradation to androstenedione
PWY-6953	Biosynthesis	Carbohydrate Biosynthesis	dTDP-3-acetamido-&alpha;-D-fucose biosynthesis
PWY-6957	Degradation/Utilization/Assimilation	Aromatic Compound Degradation	mandelate degradation to acetyl-CoA
PWY-6969	Generation of Precursor Metabolites and Energy&&Degradation/Utilization/Assimilation	TCA cycle&&C1 Compound Utilization and Assimilation	TCA cycle V (2-oxoglutarate synthase)
PWY-6981	Biosynthesis&&Glycan Pathways	Carbohydrate Biosynthesis	chitin biosynthesis
PWY-6992	Degradation/Utilization/Assimilation	Carbohydrate Degradation	1,5-anhydrofructose degradation
PWY-7003	Generation of Precursor Metabolites and Energy	Fermentation	glycerol degradation to butanol
PWY-7007	Generation of Precursor Metabolites and Energy	NA	methyl ketone biosynthesis (engineered)
PWY-7013	Degradation/Utilization/Assimilation&&Generation of Precursor Metabolites and Energy	Alcohol Degradation&&Fermentation	(S)-propane-1,2-diol degradation
PWY-7031	Biosynthesis&&Macromolecule Modification&&Glycan Pathways	Carbohydrate Biosynthesis&&Protein Modification	protein N-glycosylation (bacterial)
PWY-7036	Biosynthesis	Fatty Acid and Lipid Biosynthesis	very long chain fatty acid biosynthesis II
PWY-7039	Biosynthesis	Fatty Acid and Lipid Biosynthesis	phosphatidate metabolism, as a signaling molecule
PWY-7046	Degradation/Utilization/Assimilation	Aromatic Compound Degradation	4-coumarate degradation (anaerobic)
PWY-7049	Biosynthesis	Fatty Acid and Lipid Biosynthesis	icosapentaenoate biosynthesis II (6-desaturase, mammals)
PWY-7053	Biosynthesis	Fatty Acid and Lipid Biosynthesis	docosahexaenoate biosynthesis I (lower eukaryotes)
PWY-7059	Biosynthesis	Secondary Metabolite Biosynthesis	fumigaclavine biosynthesis
PWY-7090	Biosynthesis	Carbohydrate Biosynthesis	UDP-2,3-diacetamido-2,3-dideoxy-&alpha;-D-mannuronate biosynthesis
PWY-7094	Biosynthesis	Fatty Acid and Lipid Biosynthesis	fatty acid salvage
PWY-7111	Generation of Precursor Metabolites and Energy	Fermentation	pyruvate fermentation to isobutanol (engineered)
PWY-7112	Detoxification	NA	4-hydroxy-2-nonenal detoxification
PWY-7115	Generation of Precursor Metabolites and Energy	Photosynthesis	C4 photosynthetic carbon assimilation cycle, NAD-ME type
PWY-7117	Generation of Precursor Metabolites and Energy	Photosynthesis	C4 photosynthetic carbon assimilation cycle, PEPCK type
PWY-7118	Degradation/Utilization/Assimilation	Carbohydrate Degradation&&Polymeric Compound Degradation	chitin deacetylation
PWY-7124	Biosynthesis	Hormone, Neurotransmitter, and Signaling Molecule Biosynthesis	ethene biosynthesis V (engineered)
PWY-7159	Biosynthesis	Tetrapyrrole Biosynthesis&&Secondary Metabolite Biosynthesis	3,8-divinyl-chlorophyllide a biosynthesis III (aerobic, light independent)
PWY-7165	Biosynthesis	Cofactor, Carrier, and Vitamin Biosynthesis&&Carboxylic Acid Biosynthesis	L-ascorbate biosynthesis VIII (engineered pathway)
PWY-7184	Biosynthesis	Nucleoside and Nucleotide Biosynthesis	pyrimidine deoxyribonucleotides de novo biosynthesis I
PWY-7185	Degradation/Utilization/Assimilation	Nucleoside and Nucleotide Degradation	UTP and CTP dephosphorylation I
PWY-7187	Biosynthesis	Nucleoside and Nucleotide Biosynthesis	pyrimidine deoxyribonucleotides de novo biosynthesis II
PWY-7196	Biosynthesis	Nucleoside and Nucleotide Biosynthesis	superpathway of pyrimidine ribonucleosides salvage
PWY-7197	Biosynthesis	Nucleoside and Nucleotide Biosynthesis	pyrimidine deoxyribonucleotide phosphorylation
PWY-7198	Biosynthesis	Nucleoside and Nucleotide Biosynthesis	pyrimidine deoxyribonucleotides de novo biosynthesis IV
PWY-7199	Biosynthesis	Nucleoside and Nucleotide Biosynthesis	pyrimidine deoxyribonucleosides salvage
PWY-7200	Biosynthesis	Nucleoside and Nucleotide Biosynthesis	superpathway of pyrimidine deoxyribonucleoside salvage
PWY-7204	Biosynthesis	Cofactor, Carrier, and Vitamin Biosynthesis	pyridoxal 5'-phosphate salvage II (plants)
PWY-7208	Biosynthesis	Nucleoside and Nucleotide Biosynthesis	superpathway of pyrimidine nucleobases salvage
PWY-7209	Degradation/Utilization/Assimilation	Nucleoside and Nucleotide Degradation	superpathway of pyrimidine ribonucleosides degradation
PWY-7210	Biosynthesis	Nucleoside and Nucleotide Biosynthesis	pyrimidine deoxyribonucleotides biosynthesis from CTP
PWY-7211	Biosynthesis	Nucleoside and Nucleotide Biosynthesis	superpathway of pyrimidine deoxyribonucleotides de novo biosynthesis
PWY-7218	Biosynthesis	Storage Compound Biosynthesis	photosynthetic 3-hydroxybutanoate biosynthesis (engineered)
PWY-7219	Biosynthesis	Nucleoside and Nucleotide Biosynthesis	adenosine ribonucleotides de novo biosynthesis
PWY-722	Degradation/Utilization/Assimilation	Aromatic Compound Degradation	nicotinate degradation I
PWY-7220	Biosynthesis	Nucleoside and Nucleotide Biosynthesis	adenosine deoxyribonucleotides de novo biosynthesis II
PWY-7221	Biosynthesis	Nucleoside and Nucleotide Biosynthesis	guanosine ribonucleotides de novo biosynthesis
PWY-7222	Biosynthesis	Nucleoside and Nucleotide Biosynthesis	guanosine deoxyribonucleotides de novo biosynthesis II
PWY-7224	Biosynthesis	Nucleoside and Nucleotide Biosynthesis	purine deoxyribonucleosides salvage
PWY-7228	Biosynthesis	Nucleoside and Nucleotide Biosynthesis	superpathway of guanosine nucleotides de novo biosynthesis I
PWY-7229	Biosynthesis	Nucleoside and Nucleotide Biosynthesis	superpathway of adenosine nucleotides de novo biosynthesis I
PWY-7234	Biosynthesis	Nucleoside and Nucleotide Biosynthesis	inosine-5'-phosphate biosynthesis III
PWY-7235	Biosynthesis	Cofactor, Carrier, and Vitamin Biosynthesis	superpathway of ubiquinol-6 biosynthesis (late decarboxylation)
PWY-7237	Degradation/Utilization/Assimilation	Cyclitol Degradation	myo-, chiro- and scyllo-inositol degradation
PWY-7238	Biosynthesis	Carbohydrate Biosynthesis	sucrose biosynthesis II
PWY-724	Biosynthesis	Amino Acid Biosynthesis	superpathway of L-lysine, L-threonine and L-methionine biosynthesis II
PWY-7242	Degradation/Utilization/Assimilation	Carboxylic Acid Degradation&&Carbohydrate Degradation	D-fructuronate degradation
PWY-7245	Biosynthesis	Cofactor, Carrier, and Vitamin Biosynthesis	superpathway of NAD/NADP - NADH/NADPH interconversion (yeast)
PWY-7254	Generation of Precursor Metabolites and Energy	TCA cycle	TCA cycle VII (acetate-producers)
PWY-7255	Biosynthesis	Secondary Metabolite Biosynthesis	ergothioneine biosynthesis I (bacteria)
PWY-7268	Biosynthesis	Cofactor, Carrier, and Vitamin Biosynthesis	cytosolic NADPH production (yeast)
PWY-7269	Biosynthesis	Cofactor, Carrier, and Vitamin Biosynthesis	mitochondrial NADPH production (yeast)
PWY-7270	Biosynthesis	Amino Acid Biosynthesis	L-methionine salvage cycle II (plants)
PWY-7277	Biosynthesis	Fatty Acid and Lipid Biosynthesis	sphingolipid biosynthesis (mammals)
PWY-7279	Generation of Precursor Metabolites and Energy	Electron Transfer Chains&&Respiration	aerobic respiration II (cytochrome c) (yeast)
PWY-7282	Biosynthesis	Cofactor, Carrier, and Vitamin Biosynthesis	4-amino-2-methyl-5-diphosphomethylpyrimidine biosynthesis II
PWY-7283	Macromolecule Modification	Nucleic Acid Processing	wybutosine biosynthesis
PWY-7286	Macromolecule Modification	Nucleic Acid Processing	7-(3-amino-3-carboxypropyl)-wyosine biosynthesis
PWY-7288	Degradation/Utilization/Assimilation	Fatty Acid and Lipid Degradation	fatty acid &beta;-oxidation VII (yeast peroxisome)
PWY-7290	Biosynthesis&&Glycan Pathways	Cell Structure Biosynthesis&&Carbohydrate Biosynthesis	Escherichia coli serotype O86 O-antigen biosynthesis
PWY-7294	Degradation/Utilization/Assimilation	Carbohydrate Degradation	D-xylose degradation IV
PWY-7295	Degradation/Utilization/Assimilation	Carbohydrate Degradation	L-arabinose degradation IV
PWY-7312	Biosynthesis	Carbohydrate Biosynthesis	dTDP-&beta;-D-fucofuranose biosynthesis
PWY-7315	Biosynthesis	Carbohydrate Biosynthesis	dTDP-N-acetylthomosamine biosynthesis
PWY-7316	Biosynthesis	Carbohydrate Biosynthesis	dTDP-N-acetylviosamine biosynthesis
PWY-7317	Biosynthesis	Carbohydrate Biosynthesis	superpathway of dTDP-glucose-derived O-antigen building blocks biosynthesis
PWY-7323	Biosynthesis	Carbohydrate Biosynthesis	superpathway of GDP-mannose-derived O-antigen building blocks biosynthesis
PWY-7328	Biosynthesis	Carbohydrate Biosynthesis	superpathway of UDP-glucose-derived O-antigen building blocks biosynthesis
PWY-7332	Biosynthesis	Carbohydrate Biosynthesis	superpathway of UDP-N-acetylglucosamine-derived O-antigen building blocks biosynthesis
PWY-7337	Degradation/Utilization/Assimilation	Fatty Acid and Lipid Degradation	10-cis-heptadecenoyl-CoA degradation (yeast)
PWY-7338	Degradation/Utilization/Assimilation	Fatty Acid and Lipid Degradation	10-trans-heptadecenoyl-CoA degradation (reductase-dependent, yeast)
PWY-7345	Degradation/Utilization/Assimilation	Carbohydrate Degradation	superpathway of anaerobic sucrose degradation
PWY-7347	Biosynthesis	Carbohydrate Biosynthesis	sucrose biosynthesis III
PWY-7357	Biosynthesis	Cofactor, Carrier, and Vitamin Biosynthesis	thiamine phosphate formation from pyrithiamine and oxythiamine (yeast)
PWY-7371	Biosynthesis	Cofactor, Carrier, and Vitamin Biosynthesis	1,4-dihydroxy-6-naphthoate biosynthesis II
PWY-7373	Biosynthesis	Cofactor, Carrier, and Vitamin Biosynthesis	superpathway of demethylmenaquinol-6 biosynthesis II
PWY-7374	Biosynthesis	Cofactor, Carrier, and Vitamin Biosynthesis	1,4-dihydroxy-6-naphthoate biosynthesis I
PWY-7376	Biosynthesis	Cofactor, Carrier, and Vitamin Biosynthesis	cob(II)yrinate a,c-diamide biosynthesis II (late cobalt incorporation)
PWY-7377	Biosynthesis	Cofactor, Carrier, and Vitamin Biosynthesis	cob(II)yrinate a,c-diamide biosynthesis I (early cobalt insertion)
PWY-7383	Generation of Precursor Metabolites and Energy	Fermentation	anaerobic energy metabolism (invertebrates, cytosol)
PWY-7384	Generation of Precursor Metabolites and Energy	Fermentation	anaerobic energy metabolism (invertebrates, mitochondrial)
PWY-7385	Generation of Precursor Metabolites and Energy	Fermentation	1,3-propanediol biosynthesis (engineered)
PWY-7388	Biosynthesis	Fatty Acid and Lipid Biosynthesis	octanoyl-[acyl-carrier protein] biosynthesis (mitochondria, yeast)
PWY-7389	Generation of Precursor Metabolites and Energy	Fermentation	superpathway of anaerobic energy metabolism (invertebrates)
PWY-7391	Biosynthesis	Secondary Metabolite Biosynthesis	isoprene biosynthesis II (engineered)
PWY-7392	Biosynthesis	Secondary Metabolite Biosynthesis	taxadiene biosynthesis (engineered)
PWY-7397	Biosynthesis	Aromatic Compound Biosynthesis	naringenin biosynthesis (engineered)
PWY-7399	Degradation/Utilization/Assimilation	Inorganic Nutrient Metabolism	methylphosphonate degradation II
PWY-7400	Biosynthesis	Amino Acid Biosynthesis	L-arginine biosynthesis IV (archaebacteria)
PWY-7409	Biosynthesis	Fatty Acid and Lipid Biosynthesis	phospholipid remodeling (phosphatidylethanolamine, yeast)
PWY-7411	Biosynthesis	Fatty Acid and Lipid Biosynthesis	phosphatidate biosynthesis (yeast)
PWY-7413	Biosynthesis	Carbohydrate Biosynthesis	dTDP-6-deoxy-&alpha;-D-allose biosynthesis
PWY-7420	Biosynthesis	Fatty Acid and Lipid Biosynthesis	monoacylglycerol metabolism (yeast)
PWY-7426	Biosynthesis&&Macromolecule Modification&&Glycan Pathways	Carbohydrate Biosynthesis&&Protein Modification	complex N-linked glycan biosynthesis (vertebrates)
PWY-7431	Degradation/Utilization/Assimilation	Amide, Amidine, Amine, and Polyamine Degradation	aromatic biogenic amine degradation (bacteria)
PWY-7433	Biosynthesis&&Macromolecule Modification&&Glycan Pathways	Carbohydrate Biosynthesis&&Protein Modification	mucin core 1 and core 2 O-glycosylation
PWY-7434	Biosynthesis&&Macromolecule Modification&&Glycan Pathways	Carbohydrate Biosynthesis&&Protein Modification	terminal O-glycans residues modification (via type 2 precursor disaccharide)
PWY-7446	Degradation/Utilization/Assimilation	Secondary Metabolite Degradation	sulfoquinovose degradation I
PWY-7456	Degradation/Utilization/Assimilation&&Glycan Pathways	Carbohydrate Degradation&&Polymeric Compound Degradation	&beta;-(1,4)-mannan degradation
PWY-7511	Macromolecule Modification	Protein Modification	protein ubiquitination
PWY-7527	Biosynthesis	Amino Acid Biosynthesis	L-methionine salvage cycle III
PWY-7528	Biosynthesis	Amino Acid Biosynthesis	L-methionine salvage cycle I (bacteria and plants)
PWY-7539	Biosynthesis	Other Biosynthesis	6-hydroxymethyl-dihydropterin diphosphate biosynthesis III (Chlamydia)
PWY-7546	Biosynthesis	Amino Acid Biosynthesis	diphthamide biosynthesis II (eukaryotes)
PWY-7560	Biosynthesis	Secondary Metabolite Biosynthesis	methylerythritol phosphate pathway II
PWY-7562	Degradation/Utilization/Assimilation	Carbohydrate Degradation	3,6-anhydro-&alpha;-L-galactopyranose degradation
PWY-7592	Biosynthesis	Fatty Acid and Lipid Biosynthesis	arachidonate biosynthesis III (6-desaturase, mammals)
PWY-7606	Biosynthesis	Fatty Acid and Lipid Biosynthesis	docosahexaenoate biosynthesis III (6-desaturase, mammals)
PWY-7616	Degradation/Utilization/Assimilation&&Detoxification	Alcohol Degradation	methanol oxidation to carbon dioxide
PWY-7619	Biosynthesis	Fatty Acid and Lipid Biosynthesis	juniperonate biosynthesis
PWY-7626	Biosynthesis	Secondary Metabolite Biosynthesis	bacilysin biosynthesis
PWY-7663	Biosynthesis	Fatty Acid and Lipid Biosynthesis	gondoate biosynthesis (anaerobic)
PWY-7664	Biosynthesis	Fatty Acid and Lipid Biosynthesis	oleate biosynthesis IV (anaerobic)
PWY-821	Biosynthesis	Amino Acid Biosynthesis	superpathway of sulfur amino acid biosynthesis (Saccharomyces cerevisiae)
PWY-841	Biosynthesis	Nucleoside and Nucleotide Biosynthesis	superpathway of purine nucleotides de novo biosynthesis I
PWY-922	Biosynthesis	Secondary Metabolite Biosynthesis	mevalonate pathway I (eukaryotes and bacteria)
PWY0-1061	Biosynthesis	Amino Acid Biosynthesis	superpathway of L-alanine biosynthesis
PWY0-1241	Biosynthesis	Carbohydrate Biosynthesis	ADP-L-glycero-&beta;-D-manno-heptose biosynthesis
PWY0-1261	Degradation/Utilization/Assimilation	Degradation/Utilization/Assimilation - Other	anhydromuropeptides recycling I
PWY0-1277	Degradation/Utilization/Assimilation	Aromatic Compound Degradation	3-phenylpropanoate and 3-(3-hydroxyphenyl)propanoate degradation
PWY0-1296	Degradation/Utilization/Assimilation	Nucleoside and Nucleotide Degradation	purine ribonucleosides degradation
PWY0-1297	Degradation/Utilization/Assimilation	Nucleoside and Nucleotide Degradation	superpathway of purine deoxyribonucleosides degradation
PWY0-1298	Degradation/Utilization/Assimilation	Nucleoside and Nucleotide Degradation	superpathway of pyrimidine deoxyribonucleosides degradation
PWY0-1319	Biosynthesis	Fatty Acid and Lipid Biosynthesis	CDP-diacylglycerol biosynthesis II
PWY0-1338	Biosynthesis&&Detoxification&&Glycan Pathways	Cell Structure Biosynthesis&&Antibiotic Resistance	polymyxin resistance
PWY0-1415	Biosynthesis	Cofactor, Carrier, and Vitamin Biosynthesis&&Tetrapyrrole Biosynthesis	superpathway of heme b biosynthesis from uroporphyrinogen-III
PWY0-1479	Macromolecule Modification	Nucleic Acid Processing	tRNA processing
PWY0-1533	Degradation/Utilization/Assimilation	Inorganic Nutrient Metabolism	methylphosphonate degradation I
PWY0-1586	Biosynthesis	Cell Structure Biosynthesis	peptidoglycan maturation (meso-diaminopimelate containing)
PWY0-162	Biosynthesis	Nucleoside and Nucleotide Biosynthesis	superpathway of pyrimidine ribonucleotides de novo biosynthesis
PWY0-166	Biosynthesis	Nucleoside and Nucleotide Biosynthesis	superpathway of pyrimidine deoxyribonucleotides de novo biosynthesis (E. coli)
PWY0-321	Degradation/Utilization/Assimilation	Aromatic Compound Degradation	phenylacetate degradation I (aerobic)
PWY0-41	Degradation/Utilization/Assimilation	Amide, Amidine, Amine, and Polyamine Degradation	allantoin degradation IV (anaerobic)
PWY0-42	Degradation/Utilization/Assimilation	Carboxylic Acid Degradation	2-methylcitrate cycle I
PWY0-781	Biosynthesis	Cofactor, Carrier, and Vitamin Biosynthesis	aspartate superpathway
PWY0-845	Biosynthesis	Cofactor, Carrier, and Vitamin Biosynthesis	superpathway of pyridoxal 5'-phosphate biosynthesis and salvage
PWY0-862	Biosynthesis	Fatty Acid and Lipid Biosynthesis	(5Z)-dodecenoate biosynthesis I
PWY0-881	Biosynthesis	Fatty Acid and Lipid Biosynthesis	superpathway of fatty acid biosynthesis I (E. coli)
PWY1F-823	Biosynthesis	Aromatic Compound Biosynthesis	leucopelargonidin and leucocyanidin biosynthesis
PWY1F-FLAVSYN	Biosynthesis	Aromatic Compound Biosynthesis	flavonoid biosynthesis
PWY1G-0	Biosynthesis	Other Biosynthesis	mycothiol biosynthesis
PWY3DJ-35471	Biosynthesis	Cofactor, Carrier, and Vitamin Biosynthesis&&Carboxylic Acid Biosynthesis	L-ascorbate biosynthesis IV (animals, D-glucuronate pathway)
PWY3O-1109	Biosynthesis	AROMATIC-COMPOUNDS-BIOSYN	superpathway of 4-hydroxybenzoate biosynthesis (yeast)
PWY3O-19	Biosynthesis	Cofactor, Carrier, and Vitamin Biosynthesis	ubiquinol-6 biosynthesis (late decarboxylation)
PWY3O-355	Biosynthesis	Fatty Acid and Lipid Biosynthesis	stearate biosynthesis III (fungi)
PWY490-3	Degradation/Utilization/Assimilation	Inorganic Nutrient Metabolism	nitrate reduction VI (assimilatory)
PWY4FS-5	Biosynthesis	Secondary Metabolite Biosynthesis	superpathway of phosphatidylcholine biosynthesis
PWY4FS-7	Biosynthesis	Fatty Acid and Lipid Biosynthesis	phosphatidylglycerol biosynthesis I (plastidic)
PWY4FS-8	Biosynthesis	Fatty Acid and Lipid Biosynthesis	phosphatidylglycerol biosynthesis II (non-plastidic)
PWY4LZ-257	Generation of Precursor Metabolites and Energy	Fermentation	superpathway of fermentation (Chlamydomonas reinhardtii)
PWY5F9-12	Degradation/Utilization/Assimilation	Aromatic Compound Degradation	biphenyl degradation
PWY66-201	Degradation/Utilization/Assimilation	Degradation/Utilization/Assimilation - Other	nicotine degradation IV
PWY66-367	Generation of Precursor Metabolites and Energy	NA	ketogenesis
PWY66-373	Degradation/Utilization/Assimilation	Carbohydrate Degradation	sucrose degradation V (sucrose &alpha;-glucosidase)
PWY66-374	Biosynthesis	Hormone, Neurotransmitter, and Signaling Molecule Biosynthesis	C20 prostanoid biosynthesis
PWY66-378	Biosynthesis	Hormone, Neurotransmitter, and Signaling Molecule Biosynthesis	androgen biosynthesis
PWY66-388	Degradation/Utilization/Assimilation	Fatty Acid and Lipid Degradation	ceramide degradation by &alpha;-oxidation
PWY66-389	Degradation/Utilization/Assimilation	Alcohol Degradation	phytol degradation
PWY66-391	Degradation/Utilization/Assimilation	Fatty Acid and Lipid Degradation	fatty acid &beta;-oxidation VI (mammalian peroxisome)
PWY66-398	Generation of Precursor Metabolites and Energy	TCA cycle	TCA cycle III (animals)
PWY66-399	Biosynthesis	Carbohydrate Biosynthesis	gluconeogenesis III
PWY66-400	Biosynthesis	Secondary Metabolite Biosynthesis	glycolysis VI (metazoan)
PWY66-409	Biosynthesis	Nucleoside and Nucleotide Biosynthesis	superpathway of purine nucleotide salvage
PWY66-422	Biosynthesis	Secondary Metabolite Biosynthesis	D-galactose degradation V (Leloir pathway)
PWY6666-2	Degradation/Utilization/Assimilation	Amide, Amidine, Amine, and Polyamine Degradation	dopamine degradation
PWYG-321	Biosynthesis	Fatty Acid and Lipid Biosynthesis	mycolate biosynthesis
PYRIDNUCSAL-PWY	Biosynthesis	Cofactor, Carrier, and Vitamin Biosynthesis	NAD salvage pathway I (PNC VI cycle)
PYRIDNUCSYN-PWY	Biosynthesis	Cofactor, Carrier, and Vitamin Biosynthesis	NAD de novo biosynthesis I (from aspartate)
PYRIDOXSYN-PWY	Biosynthesis	Cofactor, Carrier, and Vitamin Biosynthesis	pyridoxal 5'-phosphate biosynthesis I
REDCITCYC	Generation of Precursor Metabolites and Energy	TCA cycle	TCA cycle VI (Helicobacter)
RHAMCAT-PWY	Degradation/Utilization/Assimilation	Carbohydrate Degradation	L-rhamnose degradation I
RIBOSYN2-PWY	Biosynthesis	Cofactor, Carrier, and Vitamin Biosynthesis	flavin biosynthesis I (bacteria and plants)
RUMP-PWY	Degradation/Utilization/Assimilation&&Generation of Precursor Metabolites and Energy	C1 Compound Utilization and Assimilation	formaldehyde oxidation I
SALVADEHYPOX-PWY	Degradation/Utilization/Assimilation	Nucleoside and Nucleotide Degradation	adenosine nucleotides degradation II
SER-GLYSYN-PWY	Biosynthesis	Amino Acid Biosynthesis	superpathway of L-serine and glycine biosynthesis I
SO4ASSIM-PWY	Degradation/Utilization/Assimilation	Inorganic Nutrient Metabolism	assimilatory sulfate reduction I
SPHINGOLIPID-SYN-PWY	Biosynthesis	Fatty Acid and Lipid Biosynthesis	sphingolipid biosynthesis (yeast)
SUCSYN-PWY	Biosynthesis	Carbohydrate Biosynthesis	sucrose biosynthesis I (from photosynthesis)
SULFATE-CYS-PWY	Degradation/Utilization/Assimilation	Inorganic Nutrient Metabolism	superpathway of sulfate assimilation and cysteine biosynthesis
TCA	Generation of Precursor Metabolites and Energy	TCA cycle	TCA cycle I (prokaryotic)
TCA-GLYOX-BYPASS	Metabolism	TCA Cycle	superpathway of glyoxylate bypass and TCA
TEICHOICACID-PWY	Biosynthesis	Cell Structure Biosynthesis	poly(glycerol phosphate) wall teichoic acid biosynthesis
THISYN-PWY	Biosynthesis	Cofactor, Carrier, and Vitamin Biosynthesis	superpathway of thiamine diphosphate biosynthesis I
THISYNARA-PWY	Biosynthesis	Cofactor, Carrier, and Vitamin Biosynthesis	superpathway of thiamine diphosphate biosynthesis III (eukaryotes)
THREOCAT-PWY	Degradation/Utilization/Assimilation	Amino Acid Degradation	superpathway of L-threonine metabolism
THRESYN-PWY	Biosynthesis	Amino Acid Biosynthesis	superpathway of L-threonine biosynthesis
TRIGLSYN-PWY	Biosynthesis	Fatty Acid and Lipid Biosynthesis	diacylglycerol and triacylglycerol biosynthesis
TRNA-CHARGING-PWY	Biosynthesis	Aminoacyl-tRNA Charging	tRNA charging
TRPSYN-PWY	Biosynthesis	Amino Acid Biosynthesis	L-tryptophan biosynthesis
TYRFUMCAT-PWY	Degradation/Utilization/Assimilation	Amino Acid Degradation	L-tyrosine degradation I
UBISYN-PWY	Biosynthesis	Cofactor, Carrier, and Vitamin Biosynthesis	superpathway of ubiquinol-8 biosynthesis (early decarboxylation)
UDPNACETYLGALSYN-PWY	Biosynthesis	Carbohydrate Biosynthesis	UDP-N-acetyl-D-glucosamine biosynthesis II
UDPNAGSYN-PWY	Biosynthesis	Carbohydrate Biosynthesis	UDP-N-acetyl-D-glucosamine biosynthesis I
URDEGR-PWY	Degradation/Utilization/Assimilation	Amide, Amidine, Amine, and Polyamine Degradation	superpathway of allantoin degradation in plants
URSIN-PWY	Biosynthesis	Amide, Amidine, Amine, and Polyamine Biosynthesis	ureide biosynthesis
VALDEG-PWY	Degradation/Utilization/Assimilation	Amino Acid Degradation	L-valine degradation I
VALSYN-PWY	Biosynthesis	Amino Acid Biosynthesis	L-valine biosynthesis
